task_id,tasks_project_id,tasks_project_name
868mc13nd,90118265648,Genesis Signs & Graphics
868mc0znc,90119217973,SpeedPro - Greater San Diego
868mc0znf,90119217956,SignScapes
868mc0zm7,90118277516,Kingdom Signs and Graphics
868mc0zm3,90119217970,Red Robin Masonry
868mc0zkz,90119267798,Pure Image Signs and Graphics
868mc0zj8,90119267354,Envision Orlando
868mc0zj7,90119217688,Blue Orbit Sign Studio
868kywhyp,90118265649,99signs
868kxe29h,90118265649,99signs
868kdf8df,90119266955,Windy City Signs and Graphics
868kdf8d7,90119217773,VizComm Signage Group
868kdf8cv,90119217874,Vital Sign Solutions
868kdf8cd,90119268319,Vibrant Sign Studio
868kdf8bk,90119271360,Total SignWorks Ltd
868kdf8b3,90119280765,Toronto Custom Signs
868kdf8az,90119217958,Super Custom Sign
868kdf8at,90119266932,SSK Signs
868kdf8ae,90119217969,SpeedPro - Orlando
868kdf88x,90118269445,SpeedPro - Boston North
868kdf88u,90118595207,SpeedPro - Boca Raton
868kdf88j,90119217971,SpeedPro - Blountville
868kdf88g,90119217963,SpeedPro - Addison
868kdf88a,90119217961,Southlake Signs Tampa
868kdf883,90118277500,SKY Custom Signs
868kdf87x,90119217956,SignScapes
868kdf87t,90119217749,Signs Unlimited
868kdf87p,90119271365,Sign Resources NC Inc.
868kdf87j,90119267557,Saltwater Signworks
868kdf87e,90119271642,Redheaded Sign Company
868kdf879,90119217970,Red Robin Masonry
868kdf875,90119268068,Quad City
868kdf872,90119219810,QC Signs
868kdf86p,90119267105,Priority Signs & Graphics
868kdf86m,90119217949,Paragon Signs and Graphics
868kdf86e,90119267138,"Pacesetter Signs & Graphics, Inc"
868kdf868,90119267896,Northeast Sign Company
868kdf864,90119217823,Majestic Sign Studio
868kdf85w,90119217843,Louisville Custom Signs
868kdf85r,90118269444,Lighthouse Sign Co.
868kdf85p,90118594914,"LGL Sign Company, LLC"
868kdf859,90118277516,Kingdom Signs and Graphics
868kdf84m,90119271373,InceptionPoint Signworks
868kdf84f,90118594182,ImageTEK Signs and Graphics LLC
868kdf848,90119268449,Horizon Sign Solutions
868kdf845,90119272454,GSO Signs (Greensboro)
868kdf83q,90119219808,Georgetown Signs
868kdf83m,90118265648,Genesis Signs & Graphics
868kdf82y,90118595466,Excel SignWorks
868kdf82r,90119267354,Envision Orlando
868kdf82g,90119268134,Elite Custom Signs
868kdf820,90118269441,City Beautiful Signs and Graphics
868kdf80z,90118265614,Caliber Signs & Imaging
868kdf80b,90119217962,Boston Signs and Graphics
868kdf7z8,90119219802,Amazing Signs
868kdf7z2,90119268251,All American Signs and Graphics
868kdf7yv,90118265649,99signs
868jceq46,90119219802,Amazing Signs
868mc24n7,90118269441,City Beautiful Signs and Graphics
868mc0y7y,90118265610,3Sixty Sign Solutions
868mc0y7x,90118265610,3Sixty Sign Solutions
868mc0y7z,90118265610,3Sixty Sign Solutions
868m62bg9,90119268319,Vibrant Sign Studio
868m62bf9,90119217749,Signs Unlimited
868m62bda,90118269441,City Beautiful Signs and Graphics
868kn7avp,90119217749,Signs Unlimited
868kn7aum,90119217749,Signs Unlimited
868kn7atm,90119217749,Signs Unlimited
868jf9r6r,90119266969,First Impression Signs
868mc0ztt,90119268251,All American Signs and Graphics
868mc0ztp,90119268251,All American Signs and Graphics
868mc0ztj,90119268251,All American Signs and Graphics
868mc0zth,90119268251,All American Signs and Graphics
868mb9cda,90119271642,Redheaded Sign Company
868m62bge,90119266955,Windy City Signs and Graphics
868m3tbjp,90119271642,Redheaded Sign Company
868kr0cqr,90119268251,All American Signs and Graphics
868kcqq8d,90119267138,"Pacesetter Signs & Graphics, Inc"
868kcqmnr,90119268251,All American Signs and Graphics
868kcqmn3,90119268251,All American Signs and Graphics
868kcqmmw,90119268251,All American Signs and Graphics
868k96nbr,90119267008,Gold Media
868k8rnw1,90119280953,The Auto Boutique
868k8rkkf,90119280953,The Auto Boutique
868k32bdq,90119266984,Blue Ocean Custom Signs
868k32bcj,90119266984,Blue Ocean Custom Signs
868k32bbk,90119266984,Blue Ocean Custom Signs
868k1vrkp,90119271360,Total SignWorks Ltd
868j96n6f,90119266984,Blue Ocean Custom Signs
868j96n62,90119266984,Blue Ocean Custom Signs
868ga79xy,90116468367,hidden
868ga79mw,90116468367,hidden
868g5gucx,90116468367,hidden
868g4n99t,90116468367,hidden
868g3jqg4,90116468367,hidden
868g2gmxp,90116468367,hidden
868fz2qx3,90116468367,hidden
868fyau1b,90116468367,hidden
868fwunh4,90116468367,hidden
868fwfmhc,90116468367,hidden
868fkmyv9,90116468367,hidden
868eumn4c,90116468367,hidden
868efbfx9,90116468367,hidden
868e204ku,90116468367,hidden
868dyrv3d,90116468367,hidden
868dyrv1q,90116468367,hidden
868dyrugy,90116468367,hidden
868dyrufw,90116468367,hidden
868dyrua6,90116468367,hidden
868dyru80,90116468367,hidden
868dyru3f,90116468367,hidden
868dyrtxz,90116468367,hidden
8688zh5rb,90020241714,hidden
868mbppq9,90119280702,Measure Marketing
868mbknpt,90119217773,VizComm Signage Group
868mb4ker,90119217773,VizComm Signage Group
868maje83,90119217773,VizComm Signage Group
868majdmx,90119217773,VizComm Signage Group
868m6chz6,90119217958,Super Custom Sign
868m6ch02,90119217956,SignScapes
868m6cfxy,90118594549,Shamrock Signs
868m6c44y,90119217967,Forerunner Signs & Graphics
868m47xeg,90118594549,Shamrock Signs
868m47wjt,90119217956,SignScapes
868m465dp,90119217958,Super Custom Sign
868m463ve,90119217967,Forerunner Signs & Graphics
868m44ekq,90119217773,VizComm Signage Group
868m43y99,90119217967,Forerunner Signs & Graphics
868m3ntk4,90119217967,Forerunner Signs & Graphics
868m2rg38,90118594549,Shamrock Signs
868m258we,90119217967,Forerunner Signs & Graphics
868kyp5xn,90118594549,Shamrock Signs
868kpy75t,90119217956,SignScapes
868kh5frm,90119217965,Indy Sign Factory
868kfz7z1,90119217967,Forerunner Signs & Graphics
868kd1hxk,90118594549,Shamrock Signs
868mc0zub,90119268251,All American Signs and Graphics
868mc0zua,90119268251,All American Signs and Graphics
868mc0zu9,90119268251,All American Signs and Graphics
868mc0zuc,90119268251,All American Signs and Graphics
868mc0ztu,90119268251,All American Signs and Graphics
868mc0ztr,90119268251,All American Signs and Graphics
868mc0ztg,90119268251,All American Signs and Graphics
868mc0zkk,90119268251,All American Signs and Graphics
868mc0zkj,90119268251,All American Signs and Graphics
868mc0zkh,90119268251,All American Signs and Graphics
868mc0zkg,90119268251,All American Signs and Graphics
868mc1221,90119271564,SpeedPro - Lake County
868mc121z,90118642333,SpeedPro - Dallas
868mc1220,90119267557,Saltwater Signworks
868mc11yp,90119272359,SpeedPro - Dayton
868mc11ym,90119267798,Pure Image Signs and Graphics
868mc11y9,90119217968,SpeedPro - Raleigh Clayton
868mc11y8,90119268319,Vibrant Sign Studio
868mc11y7,90119266932,SSK Signs
868mc11y5,90118269445,SpeedPro - Boston North
868mc11y2,90119271384,SpeedPro - Fort Worth West
868mc10ae,90119272198,SpeedPro - Columbus
868mc10ac,90118277500,SKY Custom Signs
868mc109x,90119219808,Georgetown Signs
868mc109w,90118265648,Genesis Signs & Graphics
868mc109v,90119266969,First Impression Signs
868mc109u,90119271392,Graphicworks Sign Company
868mc108p,90119267105,Priority Signs & Graphics
868mc108m,90119267896,Northeast Sign Company
868mc108n,90119271373,InceptionPoint Signworks
868mc108j,90118594914,"LGL Sign Company, LLC"
868mc105n,90119275398,Equinox Custom Signs
868mc105f,90118595466,Excel SignWorks
868mc105e,90119272631,Chesapeake Signworks
868mc105d,90119219802,Amazing Signs
868mc105b,90119267354,Envision Orlando
868mc0zqp,90119266932,SSK Signs
868mc0yrg,90119219808,Georgetown Signs
868mc0x89,90119267354,Envision Orlando
868mc0vjv,90119219802,Amazing Signs
868m9xn62,90116368871,hidden
868m52kmv,90119275398,Equinox Custom Signs
868m52km3,90119275398,Equinox Custom Signs
868m3p72c,90119271642,Redheaded Sign Company
868kuvcbx,90119217971,SpeedPro - Blountville
868kueqkq,90119266955,Windy City Signs and Graphics
868ku589y,90116368871,hidden
868ktrk7h,90119266955,Windy City Signs and Graphics
868ktrh55,90119266955,Windy City Signs and Graphics
868ktrgd9,90119266955,Windy City Signs and Graphics
868ktqvyn,90119272198,SpeedPro - Columbus
868ktqvxj,90119272359,SpeedPro - Dayton
868ktqv55,90119267033,Touchstone Signs and Graphics
868ktqv4h,90119267033,Touchstone Signs and Graphics
868ktquz0,90119217968,SpeedPro - Raleigh Clayton
868ktqufm,90119217968,SpeedPro - Raleigh Clayton
868ktqu1u,90119271564,SpeedPro - Lake County
868ktmqu9,90116199068,hidden
868kej7e5,90119266969,First Impression Signs
868k9e6by,90116368871,hidden
868k89q8z,90116368871,hidden
868k87xzc,90116368871,hidden
868k7ue2w,90116368871,hidden
868k4rx6z,90118083020,hidden
868k4rrrj,90118083020,hidden
868k4r8ku,90118083020,hidden
868k4r45w,90118083020,hidden
868k3kbvp,90116368871,hidden
868k2kyp5,90116368871,hidden
868k278uq,90116368871,hidden
868k1q1ch,90116368871,hidden
868k117h9,90116368871,hidden
868k117fu,90116368871,hidden
868k117ew,90116368871,hidden
868k114rt,90116368871,hidden
868k0zu1a,90116368871,hidden
868k0zu18,90116368871,hidden
868k0zu15,90116368871,hidden
868k0zu14,90116368871,hidden
868k0zra9,90116368871,hidden
868jzzxh7,90116368871,hidden
868jzzwty,90116368871,hidden
868jzzw3q,90116368871,hidden
868jxzpc8,90116368871,hidden
868jxncj1,90116368871,hidden
868jwz7yn,90116368871,hidden
868jwz77c,90116368871,hidden
868jwz5m7,90116368871,hidden
868jwz403,90116368871,hidden
868jwz1wm,90116368871,hidden
868jqat07,90116368871,hidden
868jqarpz,90116368871,hidden
868jk3v11,90116368871,hidden
868jbxm25,90116368871,hidden
868jbxcx0,90116368871,hidden
868j2a8vw,90116368871,hidden
868mc2qbu,90118269441,City Beautiful Signs and Graphics
868mc1x4v,90118269441,City Beautiful Signs and Graphics
868mc1x4u,90118269441,City Beautiful Signs and Graphics
868mc1x4t,90118269441,City Beautiful Signs and Graphics
868mc1x4r,90118269441,City Beautiful Signs and Graphics
868mc1x4q,90118269441,City Beautiful Signs and Graphics
868mc1x4p,90118269441,City Beautiful Signs and Graphics
868mc1x4m,90118269441,City Beautiful Signs and Graphics
868mc1x4k,90118269441,City Beautiful Signs and Graphics
868mc1x4j,90118269441,City Beautiful Signs and Graphics
868mc1x4h,90118269441,City Beautiful Signs and Graphics
868mc1x4f,90118269441,City Beautiful Signs and Graphics
868mc1x4e,90118269441,City Beautiful Signs and Graphics
868mc1x4d,90118269441,City Beautiful Signs and Graphics
868mc1x4c,90118269441,City Beautiful Signs and Graphics
868mc1x4b,90118269441,City Beautiful Signs and Graphics
868mc1x4a,90118269441,City Beautiful Signs and Graphics
868mc1x49,90118269441,City Beautiful Signs and Graphics
868mc1x48,90118269441,City Beautiful Signs and Graphics
868mc1x47,90118269441,City Beautiful Signs and Graphics
868mc1wu7,90118269441,City Beautiful Signs and Graphics
868mc1wu6,90118269441,City Beautiful Signs and Graphics
868mc1wu5,90118269441,City Beautiful Signs and Graphics
868mc1wu4,90118269441,City Beautiful Signs and Graphics
868mc1wu3,90118269441,City Beautiful Signs and Graphics
868mc1wu2,90118269441,City Beautiful Signs and Graphics
868mc1wu1,90118269441,City Beautiful Signs and Graphics
868mc1wu0,90118269441,City Beautiful Signs and Graphics
868mc1wtz,90118269441,City Beautiful Signs and Graphics
868mc1wty,90118269441,City Beautiful Signs and Graphics
868mc1wtx,90118269441,City Beautiful Signs and Graphics
868mc1wtw,90118269441,City Beautiful Signs and Graphics
868mc1wtv,90118269441,City Beautiful Signs and Graphics
868mc1wtu,90118269441,City Beautiful Signs and Graphics
868mc1wtt,90118269441,City Beautiful Signs and Graphics
868mc1wtr,90118269441,City Beautiful Signs and Graphics
868mc1wtn,90118269441,City Beautiful Signs and Graphics
868m8gxnb,90119266969,First Impression Signs
868ke1dzv,90119220733,SpeedPro - Knoxville
868ke1dzm,90119220733,SpeedPro - Knoxville
868k4h4gw,90119220733,SpeedPro - Knoxville
868jwdwe5,90118269441,City Beautiful Signs and Graphics
868hzj3ff,90119266969,First Impression Signs
868mc1w3e,90116468367,hidden
868majnbw,90116199068,hidden
868majcra,90116468367,hidden
868m9x50m,90116199068,hidden
868m9vwh0,90116468367,hidden
868m7aw2d,90116468367,hidden
868m6phbw,90116468367,hidden
868m6ph77,90116468367,hidden
868m68e9g,90116468367,hidden
868m68213,90116468367,hidden
868m5tc5j,90116468367,hidden
868m5fhqu,90116468367,hidden
868m5fgqg,90116468367,hidden
868m5f6pw,90116468367,hidden
868m5afc8,90116468367,hidden
868m5aey9,90116468367,hidden
868m4tex5,90116468367,hidden
868m4t3tn,90116468367,hidden
868m24x4g,90116468367,hidden
868m1brxz,90116468367,hidden
868kxd193,90116468367,hidden
868kxcckx,90116468367,hidden
868kugu97,90116468367,hidden
868kud2az,90116468367,hidden
868kucxtt,90116468367,hidden
868kuc386,90116468367,hidden
868kt2yhe,90116468367,hidden
868krz9wv,90116468367,hidden
868kr9p89,90116468367,hidden
868kq9ckj,90116468367,hidden
868kpv42j,90116468367,hidden
868kp4trm,90116199068,hidden
868knjkuh,90116468367,hidden
868kk9864,90116468367,hidden
868kk9840,90116468367,hidden
868kk983a,90116468367,hidden
868kjj8vc,90116468367,hidden
868kjj659,90116468367,hidden
868khhkvk,90116199068,hidden
868khgpbq,90116468367,hidden
868kgq1t4,90116199068,hidden
868kgg4fw,90116199068,hidden
868kgemtb,90116199068,hidden
868kg1a2x,90116468367,hidden
868kekt3c,90116199068,hidden
868kefnxv,90116468367,hidden
868kdfnn6,90116199068,hidden
868kc3a9x,90116468367,hidden
868kc3a62,90116468367,hidden
868kayvkp,90116199068,hidden
868kaxnb8,90116468367,hidden
868k9apf1,90116468367,hidden
868k8ba0b,90116199068,hidden
868k8813a,90116199068,hidden
868k85wm1,90116468367,hidden
868k77afp,90116468367,hidden
868k5fpn5,90116468367,hidden
868k420r7,90116468367,hidden
868k3ppyz,90116468367,hidden
868k313z5,90116199068,hidden
868k30cdw,90116468367,hidden
868k2vbkm,90116199068,hidden
868k2jxkc,90114530318,hidden
868k2jxab,90114530318,hidden
868k0k2kw,90116468367,hidden
868jzhee1,90116468367,hidden
868jyjy9q,90116199068,hidden
868jyjnxz,90116199068,hidden
868jyj0gy,90116468367,hidden
868jvym09,90116468367,hidden
868jvy3cj,90116468367,hidden
868jvtgcm,90116468367,hidden
868juucut,90116468367,hidden
868jtvvcq,90116468367,hidden
868jttnz3,90116199068,hidden
868jttnvg,90116199068,hidden
868jtdtpq,90116468367,hidden
868jrqbyg,90116468367,hidden
868jqd22t,90116199068,hidden
868jqd0rj,90116199068,hidden
868jp87wb,90116468367,hidden
868jmyccm,90116468367,hidden
868jmkxff,90116468367,hidden
868jgxw63,90116468367,hidden
868jgwdch,90116468367,hidden
868jewcgg,90116199068,hidden
868jejg9d,90116468367,hidden
868jb925d,90116468367,hidden
868jazekv,90116468367,hidden
868j9r0uq,90116468367,hidden
868j9qzkz,90116468367,hidden
868j9nbdq,90116468367,hidden
868j99q8h,90116468367,hidden
868j6w4t8,90116468367,hidden
868j6w35w,90116468367,hidden
868j62401,90116468367,hidden
868j5291r,90116468367,hidden
868hmq0cr,90114530318,hidden
868kczg2f,90119280953,The Auto Boutique
868kcjbjh,90119280953,The Auto Boutique
868m642kb,90118131764,hidden
868mc12yv,90119217696,Captivating Signs
868mc12yu,90119217818,Langstaff & Sloan Inc.
868mc12x6,90119272198,SpeedPro - Columbus
868mc12tx,90119280765,Toronto Custom Signs
868mc12pb,90118269445,SpeedPro - Boston North
868mc0zft,90119280765,Toronto Custom Signs
868mc0zew,90119217969,SpeedPro - Orlando
868mc0zeu,90119217968,SpeedPro - Raleigh Clayton
868mc0zc9,90119272198,SpeedPro - Columbus
868mc0zca,90119271564,SpeedPro - Lake County
868mc0zc8,90119267033,Touchstone Signs and Graphics
868mc0zc7,90119217977,SpeedPro - North Indianapolis
868mc0zc2,90119217977,SpeedPro - North Indianapolis
868mc0zc5,90119271384,SpeedPro - Fort Worth West
868mc0zbp,90119272359,SpeedPro - Dayton
868mc0zc4,90118642333,SpeedPro - Dallas
868mc0zbr,90118595207,SpeedPro - Boca Raton
868mc0zc1,90119217874,Vital Sign Solutions
868mc0zbt,90119217874,Vital Sign Solutions
868mc0zc0,90119217749,Signs Unlimited
868mc0zbw,90119271564,SpeedPro - Lake County
868mc0zbn,90119220733,SpeedPro - Knoxville
868mc0zbx,90119217963,SpeedPro - Addison
868mc0zby,90119217973,SpeedPro - Greater San Diego
868mc0zbu,90119217963,SpeedPro - Addison
868mc0zbv,90119217961,Southlake Signs Tampa
868mc0zbq,90118269445,SpeedPro - Boston North
868mc0zbk,90119217971,SpeedPro - Blountville
868mc0zbh,90119217973,SpeedPro - Greater San Diego
868mc0z1z,90118277516,Kingdom Signs and Graphics
868mc0z1p,90119217949,Paragon Signs and Graphics
868mc0z1q,90119271373,InceptionPoint Signworks
868mc0z1m,90119217818,Langstaff & Sloan Inc.
868mc0z1j,90118281177,Madison Sign Studios
868mc0z1g,90118594914,"LGL Sign Company, LLC"
868mc0yy6,90119266969,First Impression Signs
868mc0yy4,90119271373,InceptionPoint Signworks
868mc0yxw,90119272631,Chesapeake Signworks
868mc0yy2,90119275395,Brevard Sign Solutions
868mc0yy3,90119271392,Graphicworks Sign Company
868mc0yxr,90118265649,99signs
868mc0yy1,90118265610,3Sixty Sign Solutions
868mc0yxz,90119217696,Captivating Signs
868mc0yxu,90118265655,Clarity Signworks
868mc0xuz,90118269445,SpeedPro - Boston North
868ke6h62,90119220733,SpeedPro - Knoxville
868kdf8an,90119217958,Super Custom Sign
868kdf8a3,90119217977,SpeedPro - North Indianapolis
868kdf88p,90118269445,SpeedPro - Boston North
868kdf88h,90118595207,SpeedPro - Boca Raton
868kdf88c,90119217971,SpeedPro - Blountville
868kdf887,90119217963,SpeedPro - Addison
868kdf882,90119217961,Southlake Signs Tampa
868kdf87m,90119217749,Signs Unlimited
868kdf85n,90118269444,Lighthouse Sign Co.
868kdf85e,90118594914,"LGL Sign Company, LLC"
868kdf81j,90118269441,City Beautiful Signs and Graphics
868kdf806,90119275395,Brevard Sign Solutions
868kdf7zz,90119217962,Boston Signs and Graphics
868mc0zcm,90118265649,99signs
868mc0zck,90118265649,99signs
868mc0zcj,90118265649,99signs
868mc0zcn,90118265649,99signs
868mbvxxf,90118277516,Kingdom Signs and Graphics
868mbk3xd,90118141697,hidden
868mb9ptz,90119217749,Signs Unlimited
868mb49dp,90119217966,Victory Sign Company
868m9p8bh,90119217749,Signs Unlimited
868m8mmhw,90119217949,Paragon Signs and Graphics
868m8429e,90118265649,99signs
868m83tnr,90118265649,99signs
868m7wc06,90119217949,Paragon Signs and Graphics
868m7pzpz,90118265649,99signs
868m7d40t,90119275395,Brevard Sign Solutions
868m773pa,90119217966,Victory Sign Company
868m76yyc,90119217966,Victory Sign Company
868m73v4j,90119217966,Victory Sign Company
868m6pyqq,90119217966,Victory Sign Company
868m6pjqe,90119217966,Victory Sign Company
868m6nfvf,90119217966,Victory Sign Company
868m6nfav,90119217966,Victory Sign Company
868m62bfj,90119217961,Southlake Signs Tampa
868m62be9,90119217949,Paragon Signs and Graphics
868m62bcp,90118265653,Artisan Signworks
868m5vy0k,90119217949,Paragon Signs and Graphics
868m5dx1g,90119217874,Vital Sign Solutions
868m5dtgm,90118265649,99signs
868m5dnm2,90118265649,99signs
868m5d7r0,90118265649,99signs
868m4v90n,90119275395,Brevard Sign Solutions
868m1fwb4,90118281177,Madison Sign Studios
868m1ft8f,90119217818,Langstaff & Sloan Inc.
868m1ft7z,90119217818,Langstaff & Sloan Inc.
868m1ft7y,90119217818,Langstaff & Sloan Inc.
868krepyg,90119217696,Captivating Signs
868kq0vrj,90119217874,Vital Sign Solutions
868kp87gt,90119217962,Boston Signs and Graphics
868knp6c6,90119217818,Langstaff & Sloan Inc.
868kn7azq,90119217961,Southlake Signs Tampa
868kn7ayp,90119217961,Southlake Signs Tampa
868kn7ank,90119217949,Paragon Signs and Graphics
868kn7amt,90119217949,Paragon Signs and Graphics
868kn7af5,90118277516,Kingdom Signs and Graphics
868kmmgta,90119217874,Vital Sign Solutions
868kmmgrr,90119217874,Vital Sign Solutions
868kmmgqr,90119217874,Vital Sign Solutions
868kmmfxd,90118265653,Artisan Signworks
868kmmfwn,90118265653,Artisan Signworks
868kmm4m9,90118265649,99signs
868kk3h6r,90119217949,Paragon Signs and Graphics
868kjjcpd,90118265649,99signs
868khp2fm,90119217949,Paragon Signs and Graphics
868kcvpq7,90119217949,Paragon Signs and Graphics
868juw8xa,90113842485,hidden
868jjfgfh,90113842485,hidden
868jgfxwe,90113842485,hidden
868jeju1c,90113842485,hidden
868j7cdvm,90113842485,hidden
868j0u1z1,90113842485,hidden
868j0r3t0,90113842485,hidden
868hv590h,90113842485,hidden
868htetnw,90113842485,hidden
868hrufxc,90113842485,hidden
868hrbm2n,90113842485,hidden
868hrajrw,90113842485,hidden
868hn770d,90113842485,hidden
868hh5ft1,90113842485,hidden
868hfp9f1,90113842485,hidden
868hdchft,90113842485,hidden
868gejrzm,90113842485,hidden
868m278k9,90119217967,Forerunner Signs & Graphics
868k8bm4c,90117488119,hidden
868k88bxf,90117488119,hidden
868k7z6f3,90117488119,hidden
868jw19tu,90117488119,hidden
868jvwe4h,90117488119,hidden
868jvuy3f,90117488119,hidden
868jv3q9p,90117488119,hidden
868jv2nur,90117488119,hidden
868jv2eck,90117488119,hidden
868juhu9v,90117488119,hidden
868jufqc8,90117488119,hidden
868jtf9ma,90117488119,hidden
868jj26df,90117488119,hidden
868jgzqcu,90117488119,hidden
868jgh1k9,90117488119,hidden
868jgg0zt,90117488119,hidden
868jffuhg,90117488119,hidden
868jfapmf,90117488119,hidden
868jf9rd5,90119266969,First Impression Signs
868jf133q,90117488119,hidden
868jehad6,90117488119,hidden
868jee713,90117488119,hidden
868jede4e,90117488119,hidden
868jecwbq,90117488119,hidden
868j5cd7t,90117488119,hidden
868j3pn48,90117488119,hidden
868j3nvy9,90117488119,hidden
868j3j1k9,90117488119,hidden
868j3gbhp,90117488119,hidden
868j3fefq,90117488119,hidden
868j2y886,90117488119,hidden
868j2tjhn,90117488119,hidden
868j2rnf4,90117488119,hidden
868j1qtau,90117488119,hidden
868j1q5qb,90117488119,hidden
868j1ngvw,90117488119,hidden
868j06mra,90117624820,hidden
868hwy4xh,90117488119,hidden
868hwncpz,90117488119,hidden
868htn9vx,90117488119,hidden
868htek9x,90117488119,hidden
868hrx3ca,90117488119,hidden
868hqc33y,90117488119,hidden
868hq83un,90117488119,hidden
868hq83kr,90117488119,hidden
868hncayz,90116368871,hidden
868h97g18,90117488119,hidden
868h97ew4,90117488119,hidden
868h97dvj,90117488119,hidden
868h97djt,90117488119,hidden
868h97c8x,90117488119,hidden
868h92dyt,90117488119,hidden
868h92cv9,90117488119,hidden
868h30vgm,90116368871,hidden
868gyhfww,90116368871,hidden
868gcmj0p,90116368871,hidden
868gc8g0z,90116368871,hidden
868mbqr8j,90119217963,SpeedPro - Addison
868m5kxb6,90119272454,GSO Signs (Greensboro)
868m56rbv,90119217956,SignScapes
868m56pd7,90118594549,Shamrock Signs
868m2qzjp,90118594549,Shamrock Signs
868m2qxad,90119217974,SpeedPro - Chicago Loop
868m2qweu,90119217973,SpeedPro - Greater San Diego
868m28jmb,90119217956,SignScapes
868m28am1,90119217971,SpeedPro - Blountville
868m27h0c,90119217963,SpeedPro - Addison
868m27g66,90118595207,SpeedPro - Boca Raton
868m0qefd,90119217973,SpeedPro - Greater San Diego
868h97m99,90117488119,hidden
868h97f6q,90117488119,hidden
868h93q6p,90117488119,hidden
868h31dtx,90116368871,hidden
868gymzdb,90116368871,hidden
868gu9m3m,90116368871,hidden
868grp2h1,90116368871,hidden
868gnnbu6,90116368871,hidden
868gky2xg,90116368871,hidden
868ggh58b,90116368871,hidden
868ggh57k,90116368871,hidden
868gff8hh,90116368871,hidden
868gef7nn,90116368871,hidden
868ge7e25,90116368871,hidden
868gdyqt9,90116368871,hidden
868gdmvau,90116368871,hidden
868gcmjdq,90116368871,hidden
868gcfd9w,90116368871,hidden
868gc7mwj,90116368871,hidden
868m9z8z5,90119217968,SpeedPro - Raleigh Clayton
868m9wamp,90119217977,SpeedPro - North Indianapolis
868m9vq2f,90119217971,SpeedPro - Blountville
868j0048w,90020241714,hidden
868mbjyw5,90117116243,hidden
868mb6tcz,90117116243,hidden
868mancbp,90117116243,hidden
868ma103f,90117116243,hidden
868ma0yk4,90117116243,hidden
868ma0uvt,90117116243,hidden
868m9ywk2,90117116243,hidden
868m9yepu,90117116243,hidden
868m9yek9,90117116243,hidden
868m9yb1z,90117116243,hidden
868m6guwa,90117116243,hidden
868m6gqbc,90117116243,hidden
868m6gc4g,90117116243,hidden
868kxxdd3,90117116243,hidden
868kxxd5j,90117116243,hidden
868kukunb,90117116243,hidden
868kr0rwa,90117116243,hidden
868kr0qdv,90117116243,hidden
868kr0nwe,90117116243,hidden
868knf236,90117116243,hidden
868ke46d5,90117116243,hidden
868ka7hf5,90117116243,hidden
868ka7gw9,90117116243,hidden
868ka7gpj,90117116243,hidden
868ka7gep,90117116243,hidden
868k54ry0,90117116243,hidden
868k2jpp0,90117116243,hidden
868k2jn1k,90117116243,hidden
868k1n7ff,90117116243,hidden
868jumq7h,90117116243,hidden
868jumg0w,90117116243,hidden
868jukw9b,90117116243,hidden
868jpybbk,90117116243,hidden
868jpyb8r,90117116243,hidden
868jpyb7j,90117116243,hidden
868jpyb5q,90117116243,hidden
868jpyb3j,90117116243,hidden
868jpyb0r,90117116243,hidden
868jn5pbz,90117116243,hidden
868jmt6rn,90117116243,hidden
868jjfxuh,90117116243,hidden
868jj2p26,90117116243,hidden
868jhzkhj,90117116243,hidden
868jh5fj6,90117116243,hidden
868jgxjg8,90117116243,hidden
868jfdk9q,90117116243,hidden
868jbd5jw,90117116243,hidden
868ja81ef,90117116243,hidden
868j8vcze,90117116243,hidden
868j87pr1,90117116243,hidden
868j83cy5,90117116243,hidden
868j7cm7e,90117116243,hidden
868j70y46,90117116243,hidden
868j6134e,90117116243,hidden
868j611u5,90117116243,hidden
868j40n79,90117116243,hidden
868j40eyx,90117116243,hidden
868j1khcd,90117116243,hidden
868j14wyq,90117116243,hidden
868hzmpwx,90117116243,hidden
868hwpjap,90117116243,hidden
868hw6vtz,90117116243,hidden
868hw6c1w,90117116243,hidden
868hvp8j1,90117116243,hidden
868hvp4he,90117116243,hidden
868hvkwf7,90117116243,hidden
868huj0wz,90117116243,hidden
868hub7h2,90117116243,hidden
868htnc4j,90117116243,hidden
868hrcqz5,90117116243,hidden
868hnpv66,90117116243,hidden
868hmnkce,90117116243,hidden
868hm93yj,90117116243,hidden
868hm2w58,90114783795,hidden
868hkcp8g,90117116243,hidden
868hjbdc4,90117116243,hidden
868hhxqdd,90117116243,hidden
868hhbk93,90117116243,hidden
868hhbjtf,90117116243,hidden
868hhbhmy,90117116243,hidden
868hhbgxk,90117116243,hidden
868hhbga1,90117116243,hidden
868hhbezp,90117116243,hidden
868hhbea3,90117116243,hidden
868hhbcdk,90117116243,hidden
868hhbbfp,90117116243,hidden
868hhbag5,90117116243,hidden
868hhb9fq,90117116243,hidden
868hhb8ek,90117116243,hidden
868hhb63r,90117116243,hidden
868hhac4h,90117116243,hidden
868hg7btz,90117116243,hidden
868hg5je2,90117116243,hidden
868hfv6fd,90117116243,hidden
868hdarxa,90117116243,hidden
868h8kpxr,90117116243,hidden
868h8kpm9,90117116243,hidden
868h8hwa0,90117116243,hidden
868h8hufv,90117116243,hidden
868h6mypr,90117116243,hidden
868mb9cd5,90119271642,Redheaded Sign Company
868mam2bj,90119217958,Super Custom Sign
868majay1,90119217718,Jacksonville Signs & Graphics
868maj1g9,90119217967,Forerunner Signs & Graphics
868m3g67g,90118265614,Caliber Signs & Imaging
868j004bm,90020241714,hidden
868mc1c3m,90119219802,Amazing Signs
868mc1brk,90119219802,Amazing Signs
868mc1brj,90119219802,Amazing Signs
868mc1brh,90119219802,Amazing Signs
868mc1brg,90119219802,Amazing Signs
868mc1brf,90119219802,Amazing Signs
868mc1bre,90119219802,Amazing Signs
868mc1brd,90119219802,Amazing Signs
868mc1brc,90119219802,Amazing Signs
868mc1brb,90119219802,Amazing Signs
868mc1bra,90119219802,Amazing Signs
868mc1br8,90119219802,Amazing Signs
868mc1br7,90119219802,Amazing Signs
868mc1br6,90119219802,Amazing Signs
868mc1br5,90119219802,Amazing Signs
868mc1br4,90119219802,Amazing Signs
868mc1br2,90119219802,Amazing Signs
868mc1br1,90119219802,Amazing Signs
868mc0zd9,90118265649,99signs
868mc0zdc,90118265649,99signs
868mc0zdb,90118265649,99signs
868mc0zda,90118265649,99signs
868mc0zbb,90118265649,99signs
868mc0zb8,90118265649,99signs
868mc0zba,90118265649,99signs
868mc0zb9,90118265649,99signs
868mc0z08,90118265649,99signs
868mc0z07,90118265649,99signs
868mc0z06,90118265649,99signs
868mc0z05,90118265649,99signs
868mc0yr5,90118265610,3Sixty Sign Solutions
868mc0yr6,90118265610,3Sixty Sign Solutions
868mc0xnh,90118265610,3Sixty Sign Solutions
868mc0xnk,90118265610,3Sixty Sign Solutions
868mc0xnj,90118265610,3Sixty Sign Solutions
868mc0vec,90118265610,3Sixty Sign Solutions
868mc0v01,90118265610,3Sixty Sign Solutions
868m8net5,90119217949,Paragon Signs and Graphics
868m7ndy5,90118265649,99signs
868m6nkc3,90119217966,Victory Sign Company
868m5jtqy,90119217949,Paragon Signs and Graphics
868m3vqq0,90119217966,Victory Sign Company
868m3vppt,90119217749,Signs Unlimited
868m3vp01,90119217949,Paragon Signs and Graphics
868m3vch1,90119217874,Vital Sign Solutions
868m1hx7k,90119217874,Vital Sign Solutions
868m0pddg,90118265649,99signs
868kywjfb,90119275395,Brevard Sign Solutions
868krev3n,90119217696,Captivating Signs
868kn7akr,90119217949,Paragon Signs and Graphics
868kdv738,90118277516,Kingdom Signs and Graphics
868kckq3r,90119275395,Brevard Sign Solutions
868kcj8g4,90119217949,Paragon Signs and Graphics
868jpyah8,90119266984,Blue Ocean Custom Signs
868gjm84p,90116368871,hidden
868mbkkq4,90118594914,"LGL Sign Company, LLC"
868mag6fb,90118269444,Lighthouse Sign Co.
868mag5fa,90119268449,Horizon Sign Solutions
868m6rdgk,90119217949,Paragon Signs and Graphics
868m3nr70,90118141697,hidden
868ktmev4,90118141697,hidden
868kcqxrz,90118642333,SpeedPro - Dallas
868kcqug0,90118269444,Lighthouse Sign Co.
868kcqub9,90118269444,Lighthouse Sign Co.
868kbpv14,90119271392,Graphicworks Sign Company
868k36gt3,90119271392,Graphicworks Sign Company
868k0m1w0,90119271373,InceptionPoint Signworks
868k0m1m9,90119268449,Horizon Sign Solutions
868k0m1cy,90119268449,Horizon Sign Solutions
868k0kznc,90119271392,Graphicworks Sign Company
868mc2q1q,90118281177,Madison Sign Studios
868m3vnm8,90118281177,Madison Sign Studios
868m1fwbv,90118281177,Madison Sign Studios
868m1fwb7,90118281177,Madison Sign Studios
868m1fuqc,90119217843,Louisville Custom Signs
868m1fuqa,90119217843,Louisville Custom Signs
868m1ft7x,90119217818,Langstaff & Sloan Inc.
868m1ft7w,90119217818,Langstaff & Sloan Inc.
868kt2kf1,90119217818,Langstaff & Sloan Inc.
868knp6ce,90119217818,Langstaff & Sloan Inc.
868knp6c2,90119217818,Langstaff & Sloan Inc.
868gh0hrq,90116368871,hidden
868mbu2jv,90119280796,Tadera
868m8bray,90119280796,Tadera
868m84b91,90119220732,Momentm - Tripspark
868m6v700,90119280995,Daylite
868kwk9gz,90119280796,Tadera
868hhp7hc,90116368871,hidden
868h4pkpy,90116368871,hidden
868gdwv4g,90116368871,hidden
868gdwv3j,90116368871,hidden
868gddj5e,90116368871,hidden
868gcx7w4,90116368871,hidden
868gcmj4t,90116368871,hidden
868mc12et,90119271373,InceptionPoint Signworks
868mc12ev,90119266969,First Impression Signs
868mc12c9,90119271384,SpeedPro - Fort Worth West
868mc125c,90119272198,SpeedPro - Columbus
868mahwqu,90119271373,InceptionPoint Signworks
868ma1ajw,90119271373,InceptionPoint Signworks
868m6hj3m,90119280995,Daylite
868m6hj3w,90119280995,Daylite
868m6hj3p,90119280995,Daylite
868m6hj3q,90119280995,Daylite
868m6hj3k,90119280995,Daylite
868m6hh51,90119280995,Daylite
868m4wbdc,90118269444,Lighthouse Sign Co.
868m4wa97,90119268449,Horizon Sign Solutions
868m4bv2x,90118269441,City Beautiful Signs and Graphics
868m3cyg4,90119217968,SpeedPro - Raleigh Clayton
868m20dfa,90119217968,SpeedPro - Raleigh Clayton
868m0uxc9,90119217968,SpeedPro - Raleigh Clayton
868kzcc34,90119267033,Touchstone Signs and Graphics
868kzcc23,90119267033,Touchstone Signs and Graphics
868kzcc1a,90119267033,Touchstone Signs and Graphics
868kx1fz1,90119272631,Chesapeake Signworks
868kx1frh,90119272631,Chesapeake Signworks
868ktqwv2,90119271392,Graphicworks Sign Company
868ktqwuu,90119271392,Graphicworks Sign Company
868ktqw34,90118269445,SpeedPro - Boston North
868ktqw20,90118269445,SpeedPro - Boston North
868ktqvnm,90119271384,SpeedPro - Fort Worth West
868ktqvav,90119268319,Vibrant Sign Studio
868ktqvaf,90119268319,Vibrant Sign Studio
868ktqttu,90118642333,SpeedPro - Dallas
868ktqrn3,90119271452,SpeedPro - Fort Worth
868ktqq0t,90118594914,"LGL Sign Company, LLC"
868ktqpx1,90118594914,"LGL Sign Company, LLC"
868ktqpcm,90118269444,Lighthouse Sign Co.
868ktq0c0,90119271373,InceptionPoint Signworks
868ktq004,90119268449,Horizon Sign Solutions
868ktpztr,90119268449,Horizon Sign Solutions
868ktpzqa,90119266969,First Impression Signs
868ktpznq,90119266969,First Impression Signs
868ktpzjk,90118269441,City Beautiful Signs and Graphics
868ktpzhw,90118269441,City Beautiful Signs and Graphics
868kqy40r,90119271392,Graphicworks Sign Company
868kqa74j,90118269444,Lighthouse Sign Co.
868kjnjbe,90119271392,Graphicworks Sign Company
868kj3ez7,90119272631,Chesapeake Signworks
868kdf84c,90119271373,InceptionPoint Signworks
868kdf841,90119268449,Horizon Sign Solutions
868kdf813,90119272631,Chesapeake Signworks
868kcr0g5,90119272198,SpeedPro - Columbus
868kcr050,90119272359,SpeedPro - Dayton
868kcqz16,90119217968,SpeedPro - Raleigh Clayton
868kcqyvh,90119271564,SpeedPro - Lake County
868kcqxtf,90119271452,SpeedPro - Fort Worth
868k8ukp1,90118208132,hidden
868k64xev,90118269445,SpeedPro - Boston North
868k02z1h,90118208132,hidden
868k02z0f,90118208132,hidden
868jjbwcm,90118208132,hidden
868jjbwb6,90118208132,hidden
868jjbw9b,90118208132,hidden
868jjbw7y,90118208132,hidden
868jf9rjk,90119266969,First Impression Signs
868j8mhun,90116560536,Shared with me
868g4zcwd,90116368871,hidden
868kckggw,90116199068,hidden
868kazua9,90116199068,hidden
868kayt1g,90116199068,hidden
868kaaman,90116199068,hidden
868ka9t4y,90116199068,hidden
868ka9pu8,90116199068,hidden
868k9e99h,90116368871,hidden
868k89tkb,90116368871,hidden
868k2p0ae,90116199068,hidden
868k1ppdp,90118594182,ImageTEK Signs and Graphics LLC
868k1086h,90116199068,hidden
868k0zu1e,90116368871,hidden
868k0zu1d,90116368871,hidden
868k0zu0d,90116368871,hidden
868k0ztuv,90116368871,hidden
868jzb0vd,90116199068,hidden
868jyhqhw,90116368871,hidden
868jy5htw,90116199068,hidden
868jxnh1z,90116368871,hidden
868jwgecj,90116199068,hidden
868jvzzk1,90116199068,hidden
868juurpb,90116368871,hidden
868juuj7b,90116368871,hidden
868jtu558,90116368871,hidden
868jtkbvz,90116199068,hidden
868jtkad8,90116199068,hidden
868jrv1qq,90116199068,hidden
868jqartx,90116368871,hidden
868jpz83u,90116199068,hidden
868jnm0xc,90116199068,hidden
868jkgv0e,90116199068,hidden
868jk3y42,90116368871,hidden
868jk3r3e,90116368871,hidden
868jk3nz6,90116368871,hidden
868jk3kbt,90116368871,hidden
868jk3gc6,90116368871,hidden
868jk3em3,90116368871,hidden
868jk3byk,90116368871,hidden
868jk38e0,90116368871,hidden
868jdhgap,90116199068,hidden
868jdg7qy,90116199068,hidden
868jbxhpa,90116368871,hidden
868jbxfxw,90116368871,hidden
868jbxe9v,90116368871,hidden
868jbxbzd,90116368871,hidden
868jbxaft,90116368871,hidden
868jbx8g8,90116368871,hidden
868j7wx8x,90116199068,hidden
868j5cvq9,90116368871,hidden
868j3c8xw,90116199068,hidden
868j2rt0b,90116199068,hidden
868j2dg2v,90116368871,hidden
868j29r2t,90116368871,hidden
868hzd8jm,90116368871,hidden
868hyqmkt,90116199068,hidden
868hyqhgc,90116368871,hidden
868hyqg7u,90116368871,hidden
868hx9qww,90116368871,hidden
868hx9cpm,90116368871,hidden
868hx99ay,90116368871,hidden
868hx91jk,90116368871,hidden
868hx8c1k,90116199068,hidden
868mc1wtq,90118269441,City Beautiful Signs and Graphics
868mc1br3,90119219802,Amazing Signs
868mb9cde,90119271642,Redheaded Sign Company
868m8fvkn,90118257871,hidden
868m6hhfu,90119280995,Daylite
868m2wmyx,90118257871,hidden
868ktrz0b,90118250459,hidden
868ktfvqd,90118213937,hidden
868ktfvp8,90118213937,hidden
868ktfvng,90118213937,hidden
868kt0497,90118257871,hidden
868kt048w,90118257871,hidden
868kt048u,90118257871,hidden
868kt048r,90118257871,hidden
868kt048p,90118257871,hidden
868kt048g,90118257871,hidden
868kt048b,90118257871,hidden
868kt0487,90118257871,hidden
868kt0484,90118257871,hidden
868kt047r,90118257871,hidden
868kt047m,90118257871,hidden
868kt047g,90118257871,hidden
868kt047d,90118257871,hidden
868kt047b,90118257871,hidden
868kt0476,90118257871,hidden
868kt0475,90118257871,hidden
868kt0470,90118257871,hidden
868kt046x,90118257871,hidden
868kt046v,90118257871,hidden
868kt046r,90118257871,hidden
868kt046h,90118257871,hidden
868kt046e,90118257871,hidden
868kt046b,90118257871,hidden
868kt0468,90118257871,hidden
868kt0467,90118257871,hidden
868kt0466,90118257871,hidden
868kt0463,90118257871,hidden
868kt0462,90118257871,hidden
868kt045x,90118257871,hidden
868kt045m,90118257871,hidden
868kt045h,90118257871,hidden
868kt0459,90118257871,hidden
868kt0457,90118257871,hidden
868kt0456,90118257871,hidden
868kt0455,90118257871,hidden
868kt044w,90118257871,hidden
868kt044j,90118257871,hidden
868kt044h,90118257871,hidden
868kt044f,90118257871,hidden
868kt0447,90118257871,hidden
868kt0446,90118257871,hidden
868kt0445,90118257871,hidden
868kt0443,90118257871,hidden
868kt043g,90118257871,hidden
868kt0437,90118257871,hidden
868kt0433,90118257871,hidden
868kkdq4u,90118252818,hidden
868kj0fwj,90118252818,hidden
868khhf9p,90118252818,hidden
868khhf82,90118252818,hidden
868kggu84,90118252818,hidden
868ke9kk0,90118213938,hidden
868judwem,90117812319,hidden
868judugw,90117812319,hidden
868jubreg,90117812319,hidden
868jtu1vf,90117812319,hidden
868jtt43v,90117812319,hidden
868jtd6e8,90117812319,hidden
868jtbpbf,90117812319,hidden
868jt7wa6,90117812319,hidden
868jt6jyr,90117812319,hidden
868jt6etk,90117812319,hidden
868jt6e5c,90117812319,hidden
868jt6cz6,90117812319,hidden
868jrv156,90117812319,hidden
868jruqj3,90117812319,hidden
868jrudd3,90117812319,hidden
868jf9pd8,90119266969,First Impression Signs
868j187qr,90117812319,hidden
868hxvwf9,90119266969,First Impression Signs
868gtqw1c,90116368871,hidden
868mc12kz,90118265655,Clarity Signworks
868mc12m1,90119275395,Brevard Sign Solutions
868mc12h9,90119217749,Signs Unlimited
868mc128r,90119217696,Captivating Signs
868mc1276,90119217961,Southlake Signs Tampa
868mc1260,90119217818,Langstaff & Sloan Inc.
868mc124a,90119217874,Vital Sign Solutions
868mc0zdx,90119217749,Signs Unlimited
868mc0zdy,90119217749,Signs Unlimited
868mc0ze0,90119217749,Signs Unlimited
868mc0z96,90118265649,99signs
868mc0z97,90118265649,99signs
868mc0z98,90118265649,99signs
868mc0z99,90118265649,99signs
868mc0z6h,90118265649,99signs
868mc0z6g,90118265649,99signs
868mc0z6f,90118265649,99signs
868mc0z6c,90118265649,99signs
868mc0z1a,90118265649,99signs
868mc0z19,90118265649,99signs
868mc0z18,90118265649,99signs
868mc0z17,90118265649,99signs
868mc0z14,90119217818,Langstaff & Sloan Inc.
868mc0z13,90119217818,Langstaff & Sloan Inc.
868mc0z11,90119217818,Langstaff & Sloan Inc.
868mc0xer,90118265610,3Sixty Sign Solutions
868mc0xet,90118265610,3Sixty Sign Solutions
868mc0xeq,90118265610,3Sixty Sign Solutions
868mc0x7j,90118265610,3Sixty Sign Solutions
868mc0x7h,90118265610,3Sixty Sign Solutions
868mc0x7f,90118265610,3Sixty Sign Solutions
868mc0w2r,90118265610,3Sixty Sign Solutions
868mc0vve,90118265610,3Sixty Sign Solutions
868mc0vvd,90118265610,3Sixty Sign Solutions
868m73ntb,90119217966,Victory Sign Company
868ky44j5,90119217949,Paragon Signs and Graphics
868kwv4cj,90118281177,Madison Sign Studios
868krhxur,90119217843,Louisville Custom Signs
868krhxhq,90119217843,Louisville Custom Signs
868kn7b9a,90119275395,Brevard Sign Solutions
868kn7ab1,90118265655,Clarity Signworks
868kn7aa2,90118265655,Clarity Signworks
868kn7a3q,90118265654,Baltimore Signs
868kn7a2m,90118265654,Baltimore Signs
868kn7a0x,90118265649,99signs
868kn79w2,90118265649,99signs
868kn79uh,90118265649,99signs
868kmmgpr,90119217966,Victory Sign Company
868ke65zd,90119217874,Vital Sign Solutions
868ke65z8,90119217966,Victory Sign Company
868ke65xf,90118265649,99signs
868kdf8c8,90119217874,Vital Sign Solutions
868kdf86d,90119217949,Paragon Signs and Graphics
868kdf84x,90118277516,Kingdom Signs and Graphics
868kdf7yq,90118265649,99signs
868kcaz0r,90119217843,Louisville Custom Signs
868kcayz1,90119217843,Louisville Custom Signs
868k02z03,90118208132,hidden
868jgez9b,90119217966,Victory Sign Company
868jgez84,90119217749,Signs Unlimited
868fcywyv,90020241714,hidden
868etv1nj,90116368871,hidden
868mb9cd0,90119271642,Redheaded Sign Company
868majzq9,90119217773,VizComm Signage Group
868majepc,90119217773,VizComm Signage Group
868m7nfpn,90118265648,Genesis Signs & Graphics
868m6xyp7,90119217823,Majestic Sign Studio
868m6xcme,90119217823,Majestic Sign Studio
868m6xawv,90119217823,Majestic Sign Studio
868m6x8wk,90119217823,Majestic Sign Studio
868m6r4qe,90119217823,Majestic Sign Studio
868m5ced3,90119217823,Majestic Sign Studio
868m44jpa,90119217773,VizComm Signage Group
868m3t7eh,90119271642,Redheaded Sign Company
868m3rzub,90119271642,Redheaded Sign Company
868m3rrxm,90119271642,Redheaded Sign Company
868m3rnz0,90119271642,Redheaded Sign Company
868m3rad2,90119271642,Redheaded Sign Company
868m3r7rg,90119271642,Redheaded Sign Company
868m3q2h3,90119271642,Redheaded Sign Company
868m3ppcf,90119271642,Redheaded Sign Company
868m3cudn,90119217773,VizComm Signage Group
868m3cu68,90119217773,VizComm Signage Group
868m3cu1x,90119217773,VizComm Signage Group
868m3ctwa,90119217773,VizComm Signage Group
868m3cte0,90119217773,VizComm Signage Group
868m2ue23,90119217823,Majestic Sign Studio
868m2tzmd,90119217823,Majestic Sign Studio
868m2tu5v,90119217823,Majestic Sign Studio
868m2tt17,90119217823,Majestic Sign Studio
868m2trfu,90119217823,Majestic Sign Studio
868m2tfwx,90119217823,Majestic Sign Studio
868kuw6h9,90119272454,GSO Signs (Greensboro)
868kuw575,90119272454,GSO Signs (Greensboro)
868kug7z2,90119280953,The Auto Boutique
868kubyyp,90119217823,Majestic Sign Studio
868kubyqf,90119217823,Majestic Sign Studio
868ktz4c5,90118594182,ImageTEK Signs and Graphics LLC
868kj2tfk,90118594182,ImageTEK Signs and Graphics LLC
868kj2teu,90118594182,ImageTEK Signs and Graphics LLC
868kh2099,90119280953,The Auto Boutique
868kh1zm9,90119280953,The Auto Boutique
868kh1z25,90119280953,The Auto Boutique
868kd5qzh,90118265648,Genesis Signs & Graphics
868kd5mz5,90118265648,Genesis Signs & Graphics
868kcja20,90119280953,The Auto Boutique
868kc8zva,90118594182,ImageTEK Signs and Graphics LLC
868k9ever,90118594182,ImageTEK Signs and Graphics LLC
868k9ekfe,90118594182,ImageTEK Signs and Graphics LLC
868k7wk8k,90119280953,The Auto Boutique
868k7wjax,90119280953,The Auto Boutique
868k7whru,90119280953,The Auto Boutique
868k6n3h8,90119280953,The Auto Boutique
868k5kqtn,90119280953,The Auto Boutique
868k5kpje,90119280953,The Auto Boutique
868k5knh6,90119280953,The Auto Boutique
868k1vgf9,90118594182,ImageTEK Signs and Graphics LLC
868k1vgf8,90118594182,ImageTEK Signs and Graphics LLC
868k1qtbe,90118594182,ImageTEK Signs and Graphics LLC
868jtuzp3,90118594182,ImageTEK Signs and Graphics LLC
868jtuzmx,90118594182,ImageTEK Signs and Graphics LLC
868jm4jvt,90117812319,hidden
868jm4jvf,90117812319,hidden
868jm4jut,90117812319,hidden
868jm4jtx,90117812319,hidden
868jm4jtv,90117812319,hidden
868jm4jtg,90117812319,hidden
868jb96jj,90116468367,hidden
868j734dv,90117812319,hidden
868j666m5,90119217823,Majestic Sign Studio
868j18cvb,90117812319,hidden
868j18c6f,90117812319,hidden
868j18ar6,90117812319,hidden
868j189qw,90117812319,hidden
868hze979,90119280953,The Auto Boutique
868hzdy7f,90119280953,The Auto Boutique
868hxet6b,90119217773,VizComm Signage Group
868hxeed5,90119272454,GSO Signs (Greensboro)
868hkcea7,90119280953,The Auto Boutique
868hkcea1,90119280953,The Auto Boutique
868h3hudv,90119280953,The Auto Boutique
868h3hucx,90119280953,The Auto Boutique
868gdynbd,90116368871,hidden
868g4zb78,90116368871,hidden
868ezg9m7,90116446216,hidden
868mak1cn,90118594549,Shamrock Signs
868majq5m,90119217970,Red Robin Masonry
868m9daze,90119217963,SpeedPro - Addison
868m0vqjk,90119217973,SpeedPro - Greater San Diego
868knjwa9,90119217970,Red Robin Masonry
868knjw9t,90119217970,Red Robin Masonry
868j00476,90020241714,hidden
868htg68f,90119217970,Red Robin Masonry
868m8448p,90119280796,Tadera
868m84456,90119280796,Tadera
868m8444q,90119280796,Tadera
868m8444p,90119280796,Tadera
868m8442y,90119280796,Tadera
868m8442u,90119280796,Tadera
868m8441d,90119280796,Tadera
868m84412,90119280796,Tadera
868m8440x,90119280796,Tadera
868m8440w,90119280796,Tadera
868m843zx,90119280796,Tadera
868m843zw,90119280796,Tadera
868m8434b,90119220732,Momentm - Tripspark
868m8432m,90119220732,Momentm - Tripspark
868m6v68z,90119280995,Daylite
868m6v64c,90119280995,Daylite
868m6v40h,90119280995,Daylite
868m6ucd1,90119280796,Tadera
868m6hhwa,90119280995,Daylite
868m6hhw3,90119280995,Daylite
868m6hhw2,90119280995,Daylite
868m6hhq0,90119280995,Daylite
868m6hhmb,90119280995,Daylite
868m6hhmc,90119280995,Daylite
868m6hhma,90119280995,Daylite
868m6hhm9,90119280995,Daylite
868m6cp6j,90119280796,Tadera
868m5b6jq,90119275398,Equinox Custom Signs
868m3fj80,90119220732,Momentm - Tripspark
868m0yuzq,90119280796,Tadera
868m0yudb,90119280796,Tadera
868kj2tjp,90119217970,Red Robin Masonry
868kj2tj0,90119217970,Red Robin Masonry
868kj2thh,90119217970,Red Robin Masonry
868kfknff,90113842485,hidden
868k65ku5,90113842485,hidden
868k1kxj4,90113842485,hidden
868jz6mem,90113842485,hidden
868jz6k9m,90113842485,hidden
868jyuejf,90113842485,hidden
868juw4bq,90113842485,hidden
868jhegj1,90113842485,hidden
868huakwu,90113842485,hidden
868htqnw2,90113842485,hidden
868he2tfz,90113842485,hidden
868h95yxn,90117488119,hidden
868h93qe3,90117488119,hidden
868h64gc6,90113842485,hidden
868gpq7kb,90113842485,hidden
868gjam9c,90116368871,hidden
868gexj2b,90113842485,hidden
868g7f7g6,90113842485,hidden
868g0jdn7,90113842485,hidden
868fthedt,90113842485,hidden
868fn30c6,90113842485,hidden
868f68ncz,90113842485,hidden
868f280j2,90113842485,hidden
868f27vhf,90113842485,hidden
868em7396,90113842485,hidden
868em71m3,90113842485,hidden
868m6v79r,90119280995,Daylite
868m6hj3v,90119280995,Daylite
868m6hj3t,90119280995,Daylite
868m6hj3n,90119280995,Daylite
868m5u113,90119280796,Tadera
868m5fg9g,90119280995,Daylite
868m0ywa7,90119280796,Tadera
868kx87xv,90119280796,Tadera
868j0043p,90020241714,hidden
868ggq49v,90111588615,hidden
868mc122t,90119217973,SpeedPro - Greater San Diego
868mc1222,90119280765,Toronto Custom Signs
868mc121y,90119217977,SpeedPro - North Indianapolis
868mc11yn,90119217961,Southlake Signs Tampa
868mc11yk,90119217949,Paragon Signs and Graphics
868mc11ya,90119217874,Vital Sign Solutions
868mc11y6,90118595207,SpeedPro - Boca Raton
868mc11y4,90119217971,SpeedPro - Blountville
868mc11y3,90119217969,SpeedPro - Orlando
868mc10af,90119217956,SignScapes
868mc10ad,90119217749,Signs Unlimited
868mc108d,90119217818,Langstaff & Sloan Inc.
868mc108g,90118277516,Kingdom Signs and Graphics
868mc108h,90119217843,Louisville Custom Signs
868mc108k,90119217823,Majestic Sign Studio
868mc108f,90118281177,Madison Sign Studios
868mc108e,90119217965,Indy Sign Factory
868mc105m,90118265610,3Sixty Sign Solutions
868mc105k,90118265655,Clarity Signworks
868mc105j,90119217688,Blue Orbit Sign Studio
868mc105g,90118265649,99signs
868mc105h,90119217696,Captivating Signs
868mc105c,90119275395,Brevard Sign Solutions
868mc0zju,90119217956,SignScapes
868mc0zdw,90119217749,Signs Unlimited
868mc0zaz,90119217823,Majestic Sign Studio
868mc0z3r,90118265649,99signs
868mc0z3q,90118265649,99signs
868mc0z3p,90118265649,99signs
868mc0z3n,90118265649,99signs
868mc0z12,90119217818,Langstaff & Sloan Inc.
868mc0wxp,90118265610,3Sixty Sign Solutions
868mc0wxq,90118265610,3Sixty Sign Solutions
868mc0wpw,90118265610,3Sixty Sign Solutions
868makb0y,90119217773,VizComm Signage Group
868kxe7gt,90119217956,SignScapes
868kxe7gk,90119217956,SignScapes
868kxe7cx,90119217973,SpeedPro - Greater San Diego
868kwqrpq,90119217773,VizComm Signage Group
868kwqnub,90119217823,Majestic Sign Studio
868kwqnq8,90119217823,Majestic Sign Studio
868kv73gr,90118265610,3Sixty Sign Solutions
868ktpm63,90118265653,Artisan Signworks
868kn7awn,90119217749,Signs Unlimited
868k6uu2g,90119217973,SpeedPro - Greater San Diego
868gyn054,90116368871,hidden
868e2x3fq,90116245085,hidden
868c7pdu1,90114530318,hidden
868mavxdj,90119217823,Majestic Sign Studio
868m2wn8c,90118257871,hidden
868m2wmn9,90118257871,hidden
868kx74mp,90118594549,Shamrock Signs
868kvv8ma,90118213937,hidden
868kvv7zy,90118213937,hidden
868kvv758,90118213937,hidden
868ktkweh,90119220733,SpeedPro - Knoxville
868kt049b,90118257871,hidden
868kt0495,90118257871,hidden
868kt0493,90118257871,hidden
868kt048k,90118257871,hidden
868kt048c,90118257871,hidden
868kt047x,90118257871,hidden
868kt047w,90118257871,hidden
868kt047v,90118257871,hidden
868kt047t,90118257871,hidden
868kt047j,90118257871,hidden
868kt047h,90118257871,hidden
868kt0473,90118257871,hidden
868kt0472,90118257871,hidden
868kt046u,90118257871,hidden
868kt046q,90118257871,hidden
868kt046n,90118257871,hidden
868kt046j,90118257871,hidden
868kt0460,90118257871,hidden
868kt045y,90118257871,hidden
868kt045r,90118257871,hidden
868kt045n,90118257871,hidden
868kt045d,90118257871,hidden
868kt044y,90118257871,hidden
868kt044x,90118257871,hidden
868kt044v,90118257871,hidden
868kt044q,90118257871,hidden
868kt044k,90118257871,hidden
868kt044g,90118257871,hidden
868kt0442,90118257871,hidden
868kt043w,90118257871,hidden
868kt043t,90118257871,hidden
868kt043j,90118257871,hidden
868kt043f,90118257871,hidden
868kt0435,90118257871,hidden
868kt0436,90118257871,hidden
868kt0434,90118257871,hidden
868k8ukq3,90118208132,hidden
868k8ukp9,90118208132,hidden
868k5ru1b,90118208132,hidden
868k4h4gd,90119220733,SpeedPro - Knoxville
868k4h4d0,90119220733,SpeedPro - Knoxville
868k4h4cp,90119220733,SpeedPro - Knoxville
868k31x8u,90118208132,hidden
868k02z2j,90118208132,hidden
868k02z2h,90118208132,hidden
868k02z26,90118208132,hidden
868k02z25,90118208132,hidden
868k02z22,90118208132,hidden
868k02z20,90118208132,hidden
868k02z1r,90118208132,hidden
868k02z1q,90118208132,hidden
868k02z1m,90118208132,hidden
868k02z1j,90118208132,hidden
868k02z1f,90118208132,hidden
868k02z1e,90118208132,hidden
868k02z19,90118208132,hidden
868k02z17,90118208132,hidden
868k02z16,90118208132,hidden
868k02z14,90118208132,hidden
868k02z12,90118208132,hidden
868k02z0y,90118208132,hidden
868k02z0x,90118208132,hidden
868k02z0t,90118208132,hidden
868k02z0n,90118208132,hidden
868k02z0j,90118208132,hidden
868k02z0h,90118208132,hidden
868k02z0g,90118208132,hidden
868k02z0c,90118208132,hidden
868k02z09,90118208132,hidden
868k02z06,90118208132,hidden
868k02z05,90118208132,hidden
868k02z02,90118208132,hidden
868k02yzz,90118208132,hidden
868jjbwfq,90118208132,hidden
868jjbwfp,90118208132,hidden
868jjbwee,90118208132,hidden
868jjbwea,90118208132,hidden
868jjbwe9,90118208132,hidden
868jjbwcx,90118208132,hidden
868jjbwcw,90118208132,hidden
868jjbwct,90118208132,hidden
868jjbwck,90118208132,hidden
868jjbwbu,90118208132,hidden
868jjbwbv,90118208132,hidden
868jjbwbe,90118208132,hidden
868mc0z2g,90118265649,99signs
868mc0z2d,90118265649,99signs
868mc0z2f,90118265649,99signs
868mc0z2e,90118265649,99signs
868mbhbgx,90119217788,Celco/Celcook
868mb9cd6,90119271642,Redheaded Sign Company
868mava8k,90119217788,Celco/Celcook
868makb1g,90119217788,Celco/Celcook
868m9g101,90119217970,Red Robin Masonry
868m9g0z9,90119217970,Red Robin Masonry
868m9g0y6,90119217718,Jacksonville Signs & Graphics
868m9g0wu,90119217718,Jacksonville Signs & Graphics
868m80n1f,90118594549,Shamrock Signs
868m80n0y,90118594549,Shamrock Signs
868m80mrz,90119217969,SpeedPro - Orlando
868m80mpg,90119217969,SpeedPro - Orlando
868m80mmx,90119217977,SpeedPro - North Indianapolis
868m80mju,90119217977,SpeedPro - North Indianapolis
868m80mh5,90119220733,SpeedPro - Knoxville
868m80mft,90119220733,SpeedPro - Knoxville
868m80mcc,90119217973,SpeedPro - Greater San Diego
868m80mbv,90119217973,SpeedPro - Greater San Diego
868m80mbc,90119217974,SpeedPro - Chicago Loop
868m80mat,90119217974,SpeedPro - Chicago Loop
868m80ma0,90118595207,SpeedPro - Boca Raton
868m80m8g,90118595207,SpeedPro - Boca Raton
868m80m77,90119217971,SpeedPro - Blountville
868m80m6d,90119217971,SpeedPro - Blountville
868m80m5b,90119217963,SpeedPro - Addison
868m80m2r,90119217963,SpeedPro - Addison
868m80kvq,90119217965,Indy Sign Factory
868m80kvj,90119217965,Indy Sign Factory
868m80kuc,90119217965,Indy Sign Factory
868m80kpj,90119217965,Indy Sign Factory
868m8074k,90119271642,Redheaded Sign Company
868m805na,90119271642,Redheaded Sign Company
868m7z3m6,90119272359,SpeedPro - Dayton
868m7yyqp,90119272198,SpeedPro - Columbus
868m6h2cg,90119271384,SpeedPro - Fort Worth West
868m6gt7r,90119219810,QC Signs
868m5xbc0,90119271564,SpeedPro - Lake County
868m5xb87,90119271564,SpeedPro - Lake County
868m5x98x,90119272198,SpeedPro - Columbus
868m5x961,90119217968,SpeedPro - Raleigh Clayton
868m5x92j,90119271452,SpeedPro - Fort Worth
868m5x8hx,90118269445,SpeedPro - Boston North
868m5x8d9,90118269445,SpeedPro - Boston North
868m5wzcd,90118642333,SpeedPro - Dallas
868m5wz6e,90119272359,SpeedPro - Dayton
868m5wvq4,90119217968,SpeedPro - Raleigh Clayton
868m5348h,90119267105,Priority Signs & Graphics
868m5347p,90119267105,Priority Signs & Graphics
868m532vz,90119272454,GSO Signs (Greensboro)
868m532qt,90119272454,GSO Signs (Greensboro)
868m530eh,90119219810,QC Signs
868m530dw,90119219810,QC Signs
868m52vjt,90118277500,SKY Custom Signs
868m52tee,90119266942,Major League Signs (Miami Signs)
868m52tap,90119266942,Major League Signs (Miami Signs)
868m4yrk4,90119275395,Brevard Sign Solutions
868m4yq47,90118281177,Madison Sign Studios
868m4ypm4,90118265655,Clarity Signworks
868m4yp66,90118265654,Baltimore Signs
868m4yp4v,90118265654,Baltimore Signs
868m4yntd,90118265649,99signs
868m4ynpg,90118265649,99signs
868m4xypx,90119280953,The Auto Boutique
868m4xyka,90119280953,The Auto Boutique
868kuvnfy,90119217974,SpeedPro - Chicago Loop
868kuvk84,90119217973,SpeedPro - Greater San Diego
868kuvf44,90119217969,SpeedPro - Orlando
868kuvdvx,90118269445,SpeedPro - Boston North
868kfh4cd,90119271642,Redheaded Sign Company
868kfh1uv,90119271642,Redheaded Sign Company
868kfgeyn,90119271564,SpeedPro - Lake County
868kfgdx1,90119271564,SpeedPro - Lake County
868kfg70w,90119271564,SpeedPro - Lake County
868kfg3kk,90119271564,SpeedPro - Lake County
868kf8t85,90119271564,SpeedPro - Lake County
868ker6bg,90119217773,VizComm Signage Group
868ke43f9,90119266942,Major League Signs (Miami Signs)
868k67w2m,90119267105,Priority Signs & Graphics
868hepfc8,90116368871,hidden
868hepdnw,90116368871,hidden
868heekpt,90116368871,hidden
868hd65km,90116368871,hidden
868guwxrk,90116368871,hidden
868fxzjd8,90116368871,hidden
868fv2y5a,90116368871,hidden
868mc0znn,90119268251,All American Signs and Graphics
868mc0znm,90119268251,All American Signs and Graphics
868mc0znj,90119268251,All American Signs and Graphics
868mc0znh,90119268251,All American Signs and Graphics
868mc0zjz,90119217956,SignScapes
868mc0ze1,90119217749,Signs Unlimited
868mc0z16,90119217818,Langstaff & Sloan Inc.
868mc0yru,90119219808,Georgetown Signs
868mafw4n,90119268251,All American Signs and Graphics
868mafkvr,90119271365,Sign Resources NC Inc.
868mafkc0,90119271365,Sign Resources NC Inc.
868m9j2ah,90118265653,Artisan Signworks
868m81wty,90119217874,Vital Sign Solutions
868m80n06,90119217958,Super Custom Sign
868m80mzk,90119217958,Super Custom Sign
868m80my0,90119217958,Super Custom Sign
868m80mwf,90119217958,Super Custom Sign
868m80m1h,90119217956,SignScapes
868m80m02,90119217956,SignScapes
868m80kzh,90119217956,SignScapes
868m80kgh,90119217967,Forerunner Signs & Graphics
868m80kf3,90119217967,Forerunner Signs & Graphics
868m80ke8,90118265620,Circle City Custom Signs
868m80kdx,90118265620,Circle City Custom Signs
868m80kaf,90118265620,Circle City Custom Signs
868m80k72,90119217688,Blue Orbit Sign Studio
868m80k5g,90119217688,Blue Orbit Sign Studio
868m80k2v,90119217688,Blue Orbit Sign Studio
868m80k12,90119217688,Blue Orbit Sign Studio
868m80489,90119271365,Sign Resources NC Inc.
868m6h2b5,90119267033,Touchstone Signs and Graphics
868m6h143,90119267033,Touchstone Signs and Graphics
868m5zyn4,90119268068,Quad City
868m5xcq9,90119268319,Vibrant Sign Studio
868m5xbxt,90119268319,Vibrant Sign Studio
868m5xbry,90119268319,Vibrant Sign Studio
868m5x5nk,90119266969,First Impression Signs
868m5x5d6,90119266969,First Impression Signs
868m5vgyf,90119268251,All American Signs and Graphics
868m5vfe0,90119268251,All American Signs and Graphics
868m5vevc,90119268251,All American Signs and Graphics
868m5jh8u,90118269441,City Beautiful Signs and Graphics
868m5f56r,90118265614,Caliber Signs & Imaging
868m5f566,90118265614,Caliber Signs & Imaging
868m5323y,90119268068,Quad City
868m531eh,90119268068,Quad City
868m52xc0,90119219805,Fresh Coast Signs | Muskegon Signs
868m52xbj,90119219805,Fresh Coast Signs | Muskegon Signs
868m52w5p,90119267798,Pure Image Signs and Graphics
868m52w4t,90119267798,Pure Image Signs and Graphics
868m51ujw,90119266932,SSK Signs
868m4yrfr,90119217874,Vital Sign Solutions
868m4yrdy,90119217874,Vital Sign Solutions
868m4yrb7,90119217874,Vital Sign Solutions
868m4yr9d,90119217966,Victory Sign Company
868m4yr34,90119217961,Southlake Signs Tampa
868m4yr0x,90119217961,Southlake Signs Tampa
868m4yqf2,90119217749,Signs Unlimited
868m4yqdg,90119217749,Signs Unlimited
868m4yq8b,90119217949,Paragon Signs and Graphics
868m4yq6g,90119217949,Paragon Signs and Graphics
868m4yq26,90119217843,Louisville Custom Signs
868m4ypzp,90119217843,Louisville Custom Signs
868m4ypxq,90119217818,Langstaff & Sloan Inc.
868m4yp02,90118265653,Artisan Signworks
868m4ynxe,90118265653,Artisan Signworks
868m3xgf1,90119217749,Signs Unlimited
868m3x53w,90119217749,Signs Unlimited
868m3aetf,90118265654,Baltimore Signs
868m39529,90118265654,Baltimore Signs
868kw7g2b,90119267105,Priority Signs & Graphics
868kuvhy6,90119217956,SignScapes
868kuv9vj,90119217958,Super Custom Sign
868kume4g,90119219808,Georgetown Signs
868kumdfb,90119219808,Georgetown Signs
868knn2tw,90118265620,Circle City Custom Signs
868knmkg1,90118265620,Circle City Custom Signs
868knm5jk,90118265620,Circle City Custom Signs
868kn7axh,90119217749,Signs Unlimited
868kmqyx8,90119217961,Southlake Signs Tampa
868kmqjn7,90119217961,Southlake Signs Tampa
868kjqhem,90119267105,Priority Signs & Graphics
868k6wd3w,90119217973,SpeedPro - Greater San Diego
868hdyhbu,90116368871,hidden
868gz8u6j,90116368871,hidden
868gz8j97,90116368871,hidden
868gx2ga8,90116368871,hidden
868gffjnr,90116368871,hidden
868mc0zqv,90119266932,SSK Signs
868mc0zb1,90119217823,Majestic Sign Studio
868mc0x8a,90119267354,Envision Orlando
868mc0wcg,90118265610,3Sixty Sign Solutions
868mc0wcf,90118265610,3Sixty Sign Solutions
868mc0wcc,90118265610,3Sixty Sign Solutions
868mc0vk5,90119219802,Amazing Signs
868mamhuj,90118595466,Excel SignWorks
868m8ea0m,90118594914,"LGL Sign Company, LLC"
868m80kna,90118594182,ImageTEK Signs and Graphics LLC
868m80khn,90118594182,ImageTEK Signs and Graphics LLC
868m80bzw,90119267354,Envision Orlando
868m80buv,90118595466,Excel SignWorks
868m80bn5,90119267354,Envision Orlando
868m80axx,90119266984,Blue Ocean Custom Signs
868m80axk,90119267557,Saltwater Signworks
868m80arv,90119267354,Envision Orlando
868m8084n,90119267008,Gold Media
868m807dj,90119267008,Gold Media
868m805fc,90119266984,Blue Ocean Custom Signs
868m8056n,90118595466,Excel SignWorks
868m7gf7z,90119271360,Total SignWorks Ltd
868m7gex6,90119271360,Total SignWorks Ltd
868m7gej5,90119271360,Total SignWorks Ltd
868m7gcg7,90119271360,Total SignWorks Ltd
868m7gc3a,90119271360,Total SignWorks Ltd
868m73jtc,90119267557,Saltwater Signworks
868m6h2nz,90118269444,Lighthouse Sign Co.
868m6h2jq,90118269444,Lighthouse Sign Co.
868m6h0yg,90119272631,Chesapeake Signworks
868m6h0qg,90119272631,Chesapeake Signworks
868m6h0pf,90119268449,Horizon Sign Solutions
868m6h0he,90119271392,Graphicworks Sign Company
868m6h0fw,90119271392,Graphicworks Sign Company
868m608ec,90119266955,Windy City Signs and Graphics
868m604bq,90119266955,Windy City Signs and Graphics
868m5zyf8,90119219802,Amazing Signs
868m5zyce,90118595466,Excel SignWorks
868m5zy76,90119266955,Windy City Signs and Graphics
868m5zxp9,90119266955,Windy City Signs and Graphics
868m5zwpc,90119267138,"Pacesetter Signs & Graphics, Inc"
868m5yp2m,90118269441,City Beautiful Signs and Graphics
868m5x86j,90118594914,"LGL Sign Company, LLC"
868m5x66w,90119268449,Horizon Sign Solutions
868m5wzv5,90118269441,City Beautiful Signs and Graphics
868m5wzq2,90119271373,InceptionPoint Signworks
868m5wz82,90119271373,InceptionPoint Signworks
868m5vmk3,90119268134,Elite Custom Signs
868m5veq6,90119219802,Amazing Signs
868m5vep0,90119219802,Amazing Signs
868m5vc21,90119267138,"Pacesetter Signs & Graphics, Inc"
868m5v7kq,90119268134,Elite Custom Signs
868m5v6zk,90119268134,Elite Custom Signs
868m5f4cd,90119275398,Equinox Custom Signs
868m5f401,90119275398,Equinox Custom Signs
868m53545,90118265648,Genesis Signs & Graphics
868m5353r,90118265648,Genesis Signs & Graphics
868m533dd,90119266932,SSK Signs
868m5335k,90119266932,SSK Signs
868m52z3x,90119267557,Saltwater Signworks
868m52y4w,90119267557,Saltwater Signworks
868m52twv,90119267896,Northeast Sign Company
868m52trm,90119267896,Northeast Sign Company
868m4ypw1,90118277516,Kingdom Signs and Graphics
868m4ypgt,90119217696,Captivating Signs
868m4ype7,90119217696,Captivating Signs
868m4ypaa,90119217962,Boston Signs and Graphics
868m4yp9e,90119217962,Boston Signs and Graphics
868m4ynju,90118265610,3Sixty Sign Solutions
868m4yngy,90118265610,3Sixty Sign Solutions
868kugk68,90119267008,Gold Media
868mc12c3,90118595207,SpeedPro - Boca Raton
868mc1274,90119220733,SpeedPro - Knoxville
868mc125b,90119217977,SpeedPro - North Indianapolis
868mc1259,90119217956,SignScapes
868mc124g,90118595207,SpeedPro - Boca Raton
868mc0zjx,90119217956,SignScapes
868mc0zjw,90119217956,SignScapes
868mc0zjv,90119217956,SignScapes
868ma12uf,90119217977,SpeedPro - North Indianapolis
868m7zfhg,90119217977,SpeedPro - North Indianapolis
868m7y3yz,90119217970,Red Robin Masonry
868m3bm1z,90119217958,Super Custom Sign
868m3bgjv,90119217956,SignScapes
868m3b6jt,90119217967,Forerunner Signs & Graphics
868kyp76a,90119217963,SpeedPro - Addison
868kxy6wq,90119217956,SignScapes
868kxy25b,90118595207,SpeedPro - Boca Raton
868kxxz96,90119217718,Jacksonville Signs & Graphics
868kxxyfq,90119217973,SpeedPro - Greater San Diego
868kxxw33,90119217971,SpeedPro - Blountville
868kxxvw3,90119217971,SpeedPro - Blountville
868kxxunv,90119217963,SpeedPro - Addison
868kxe849,90119217688,Blue Orbit Sign Studio
868kxe83h,90119217688,Blue Orbit Sign Studio
868kxe82z,90118265620,Circle City Custom Signs
868kxe824,90119217967,Forerunner Signs & Graphics
868kxe81d,90119217967,Forerunner Signs & Graphics
868kxe7zu,90118594182,ImageTEK Signs and Graphics LLC
868kxe7ya,90118594182,ImageTEK Signs and Graphics LLC
868kxe7xd,90119217965,Indy Sign Factory
868kxe7wv,90119217965,Indy Sign Factory
868kxe7vt,90119217718,Jacksonville Signs & Graphics
868kxe7uy,90119217718,Jacksonville Signs & Graphics
868kxe7j9,90119217970,Red Robin Masonry
868kxe7j1,90119217970,Red Robin Masonry
868kxe7g1,90119217963,SpeedPro - Addison
868kxe7ff,90119217971,SpeedPro - Blountville
868kxe7fa,90119217971,SpeedPro - Blountville
868kxe7eu,90118595207,SpeedPro - Boca Raton
868kxe7e2,90119217974,SpeedPro - Chicago Loop
868kxe7bv,90119220733,SpeedPro - Knoxville
868kxe7b3,90119220733,SpeedPro - Knoxville
868kxe796,90119217969,SpeedPro - Orlando
868kxe78b,90118594549,Shamrock Signs
868kxe778,90119217958,Super Custom Sign
868kxe765,90119217958,Super Custom Sign
868kx770a,90119217974,SpeedPro - Chicago Loop
868kx750w,90118594182,ImageTEK Signs and Graphics LLC
868kx74z4,90118594182,ImageTEK Signs and Graphics LLC
868kx7465,90119217958,Super Custom Sign
868kx72mn,90119217969,SpeedPro - Orlando
868kx71hf,90119217970,Red Robin Masonry
868kx6zpa,90119217967,Forerunner Signs & Graphics
868kx6xuh,90119217965,Indy Sign Factory
868kw1r9u,90118265620,Circle City Custom Signs
868ke65yz,90119217956,SignScapes
868ke1e5f,90118594549,Shamrock Signs
868kdf8ab,90119217969,SpeedPro - Orlando
868kdf8aa,90119275398,Equinox Custom Signs
868kdf873,90119217970,Red Robin Masonry
868kd3gkq,90118594549,Shamrock Signs
868k8ukpa,90118208132,hidden
868k7fdy2,90119217971,SpeedPro - Blountville
868k66p1g,90119217971,SpeedPro - Blountville
868k66j9f,90118594182,ImageTEK Signs and Graphics LLC
868k4h4ha,90119220733,SpeedPro - Knoxville
868k4h4h1,90119220733,SpeedPro - Knoxville
868k4h4gv,90119220733,SpeedPro - Knoxville
868k30bu1,90119217965,Indy Sign Factory
868k02z0a,90118208132,hidden
868jjbwef,90118208132,hidden
868jjbwbf,90118208132,hidden
868jjbw9q,90118208132,hidden
868jjbw7p,90118208132,hidden
868jjbw75,90118208132,hidden
868jarenn,90118594182,ImageTEK Signs and Graphics LLC
8688a5y2f,90031163254,hidden
868m9vdym,90116468367,hidden
868m9dvq8,90116199068,hidden
868m6874j,90116468367,hidden
868m5g9rp,90116199068,hidden
868m4t5k6,90116468367,hidden
868m38kg5,90116468367,hidden
868kz7ydf,90116468367,hidden
868kz7c8u,90116468367,hidden
868kwtfem,90116468367,hidden
868ktyzjw,90116468367,hidden
868ktkc51,90116468367,hidden
868krz3t9,90116468367,hidden
868krz3h5,90116468367,hidden
868krxjt7,90116468367,hidden
868kp1w2m,90116468367,hidden
868kp1kcb,90116468367,hidden
868knkc9h,90116468367,hidden
868kmcca0,90116468367,hidden
868kja5mq,90116199068,hidden
868kgg9vr,90116468367,hidden
868kcke8j,90116199068,hidden
868kckdvg,90116199068,hidden
868kay991,90116468367,hidden
868kamgrb,90116468367,hidden
868k9h244,90116468367,hidden
868k9akru,90116468367,hidden
868k8x1vb,90116199068,hidden
868k6mfx3,90116468367,hidden
868k4myz2,90116468367,hidden
868k30zrk,90116468367,hidden
868k21vyj,90116468367,hidden
868k1j18h,90116468367,hidden
868jzjtnt,90116199068,hidden
868jx0v8k,90116468367,hidden
868jwgcyp,90116468367,hidden
868jwg9uk,90116468367,hidden
868jwf8p5,90116199068,hidden
868juwvmn,90116468367,hidden
868ju9mpq,90116468367,hidden
868m1hxc1,90119217874,Vital Sign Solutions
868m1hkjv,90119217966,Victory Sign Company
868m1fwcb,90118281177,Madison Sign Studios
868m1fut0,90119217843,Louisville Custom Signs
868m1ft9j,90119217818,Langstaff & Sloan Inc.
868m1e6bx,90119217949,Paragon Signs and Graphics
868m0qm9h,90119275395,Brevard Sign Solutions
868knp6cr,90119217818,Langstaff & Sloan Inc.
868kag10w,90119217949,Paragon Signs and Graphics
868h97myh,90117488119,hidden
868h97kwr,90117488119,hidden
868h97jmh,90117488119,hidden
868h97hr0,90117488119,hidden
868h97gf6,90117488119,hidden
868h97g5v,90117488119,hidden
868h97fp1,90117488119,hidden
868h97fea,90117488119,hidden
868h97c3f,90117488119,hidden
868h97bwp,90117488119,hidden
868h97bne,90117488119,hidden
868h93r7w,90117488119,hidden
868h927u6,90117488119,hidden
868gw8w84,90116368871,hidden
868gw8w4w,90116368871,hidden
868gek691,90116368871,hidden
868gegt3p,90116368871,hidden
868gef7e0,90116368871,hidden
868ge5nz7,90116368871,hidden
868gdyngu,90116368871,hidden
868gd6fc6,90116368871,hidden
868gc1868,90116368871,hidden
868gbv6vq,90116368871,hidden
868gb9cpv,90116368871,hidden
868gb9cg8,90116368871,hidden
868gb9cc0,90116368871,hidden
868gb9bx1,90116368871,hidden
868m6hhfv,90119280995,Daylite
868m6hhft,90119280995,Daylite
868m6hh58,90119280995,Daylite
868kz7yh9,90116468367,hidden
868k4h4gh,90119220733,SpeedPro - Knoxville
868jt8wcp,90116468367,hidden
868jt87wd,90116468367,hidden
868jr0x89,90116468367,hidden
868jr0vun,90116468367,hidden
868jkrmpp,90116199068,hidden
868jkg3zq,90116468367,hidden
868jk75ga,90116468367,hidden
868jk74k9,90116468367,hidden
868jk73nt,90116468367,hidden
868jgwe86,90116468367,hidden
868jd2d1u,90116468367,hidden
868j65dc7,90116468367,hidden
868j19jtk,90116468367,hidden
868hwnhjq,90116468367,hidden
868hrpezd,90113842485,hidden
868hjkyau,90116468367,hidden
868hhr54e,90116468367,hidden
868hhkkgr,90116468367,hidden
868hew2ab,90116468367,hidden
868hew1jw,90116468367,hidden
868hevyar,90116468367,hidden
868h8h5v2,90116468367,hidden
868h8h51p,90116468367,hidden
868h8h2y7,90116468367,hidden
868h8h0gb,90116468367,hidden
868h70r47,90116468367,hidden
868h0jvuw,90116468367,hidden
868h0juzq,90116468367,hidden
868h0jt46,90116468367,hidden
868h0jqy7,90116468367,hidden
868gzqhj1,90116468367,hidden
868gxtn3c,90116468367,hidden
868gqacnq,90116468367,hidden
868gnmc5q,90116468367,hidden
868gneq9k,90116468367,hidden
868gcv9pr,90116468367,hidden
868gcv8w8,90116468367,hidden
868gcv8qt,90116468367,hidden
868gcfbe3,90116468367,hidden
868g69qtz,90116468367,hidden
868fyfp60,90116468367,hidden
868ftzu2n,90116199068,hidden
868fty97u,90116468367,hidden
868fqx65k,90116199068,hidden
868fgw334,90116468367,hidden
868feqtxt,90116468367,hidden
868fatupp,90116468367,hidden
868f9tzzw,90116199068,hidden
868f67gdk,90116468367,hidden
868f67fme,90116468367,hidden
868f2qbve,90116468367,hidden
868f2qb9h,90116468367,hidden
868en3vrd,90116468367,hidden
868efkdtp,90116199068,hidden
868ecvc59,90116468367,hidden
868dztyxh,90116199068,hidden
868dyrv37,90116468367,hidden
868dyruyj,90116468367,hidden
868dyrukt,90116468367,hidden
868dyrujw,90116468367,hidden
868dyru4n,90116468367,hidden
868dyrph4,90116199068,hidden
868b84vj7,90113842485,hidden
868b5pgth,90113842485,hidden
868b47rm4,90113842485,hidden
868b2nnch,90113842485,hidden
868ax1vkc,90113842485,hidden
868h97g2e,90117488119,hidden
868h97f74,90117488119,hidden
868h97en0,90117488119,hidden
868h97cfy,90117488119,hidden
868h97bbf,90117488119,hidden
868h97b95,90117488119,hidden
868h93qjm,90117488119,hidden
868h93pzy,90117488119,hidden
868gh04jn,90116368871,hidden
868gg58kc,90116368871,hidden
868ge3epq,90116368871,hidden
868gdzgd2,90116368871,hidden
868gdync5,90116368871,hidden
868gdwv8r,90116368871,hidden
868gdwv7d,90116368871,hidden
868gdr4x9,90116368871,hidden
868gdj31h,90116368871,hidden
868gdd87f,90116368871,hidden
868gc7m3w,90116368871,hidden
868gbv885,90116368871,hidden
868g68u9j,90116368871,hidden
868g68u9d,90116368871,hidden
868g68u82,90116368871,hidden
868mb2cfw,90118141697,hidden
868makpyk,90119219805,Fresh Coast Signs | Muskegon Signs
868m5yq78,90118265614,Caliber Signs & Imaging
868m5yp0t,90118265614,Caliber Signs & Imaging
868m5umv2,90119275398,Equinox Custom Signs
868m5ae8h,90118141697,hidden
868m51w0b,90119280995,Daylite
868m51w0a,90119280995,Daylite
868m3xg8m,90119267798,Pure Image Signs and Graphics
868kw3z3a,90119219805,Fresh Coast Signs | Muskegon Signs
868kumm57,90119219810,QC Signs
868kumm50,90119219810,QC Signs
868kumjxd,90119266942,Major League Signs (Miami Signs)
868m84zrb,90119217818,Langstaff & Sloan Inc.
868m820bj,90119217843,Louisville Custom Signs
868khhr8c,90116468367,hidden
868k79kr1,90116468367,hidden
868jgcdar,90116468367,hidden
868jcxnwb,90116468367,hidden
868jav50p,90116468367,hidden
868hy8hpj,90116468367,hidden
868h8452e,90116468367,hidden
868h843xt,90116468367,hidden
868gyhf43,90116468367,hidden
868gx3qqx,90116468367,hidden
868gtumb3,90116468367,hidden
868gtn6zd,90116468367,hidden
868gdftft,90116468367,hidden
868g4wbc3,90116468367,hidden
868ftd4zz,90116468367,hidden
868eguk8x,90116049321,hidden
868egu1ht,90116049321,hidden
868egtygx,90116049321,hidden
868ee21yv,90116049321,hidden
868ee1ebv,90116049321,hidden
868ee1djp,90116049321,hidden
868dy7jpj,90116049321,hidden
868dxjtf4,90116049321,hidden
868dvnm85,90116049321,hidden
868dvgjf9,90116049321,hidden
868dve9pd,90116049321,hidden
868dvdvtd,90116049321,hidden
868duw1at,90116049321,hidden
868dkvdgc,90116049321,hidden
868dkvdb7,90116049321,hidden
868dkvd0z,90116049321,hidden
868dkvcxj,90116049321,hidden
868dkvbh3,90116049321,hidden
868dkvbf7,90116049321,hidden
868dkvbb5,90116049321,hidden
868dkvb7j,90116049321,hidden
868dkvav4,90116049321,hidden
868dkvart,90116049321,hidden
868dkva7e,90116049321,hidden
868dkva3c,90116049321,hidden
868djum99,90116049321,hidden
868djum4x,90116049321,hidden
868djum23,90116049321,hidden
868djukw0,90116049321,hidden
868djuj5a,90116049321,hidden
868djuhzv,90116049321,hidden
868djugd3,90116049321,hidden
85zruuxnk,90020241714,hidden
868m84d4p,90119220732,Momentm - Tripspark
868m62bg3,90119217969,SpeedPro - Orlando
868m62bfx,90119217977,SpeedPro - North Indianapolis
868m62bfp,90119217971,SpeedPro - Blountville
868m62bej,90119217970,Red Robin Masonry
868m5akfw,90119217970,Red Robin Masonry
868kmjntc,90119217977,SpeedPro - North Indianapolis
868kmjnpx,90119217977,SpeedPro - North Indianapolis
868km47bq,90119217788,Celco/Celcook
868km47bf,90119217788,Celco/Celcook
868kfwyff,90119220733,SpeedPro - Knoxville
868ke27be,90119217977,SpeedPro - North Indianapolis
868ke1e21,90119217969,SpeedPro - Orlando
868ke1e14,90119217969,SpeedPro - Orlando
868ke1dwy,90119217971,SpeedPro - Blountville
868ke1dwm,90119217971,SpeedPro - Blountville
868ke1dw4,90119217963,SpeedPro - Addison
868k9etg4,90118594182,ImageTEK Signs and Graphics LLC
868k9eqw0,90119217977,SpeedPro - North Indianapolis
868k9eqjv,90118594182,ImageTEK Signs and Graphics LLC
868k9e171,90118594182,ImageTEK Signs and Graphics LLC
868k4p9vm,90119217973,SpeedPro - Greater San Diego
868k1r8jr,90119217971,SpeedPro - Blountville
868k1au2a,90119217788,Celco/Celcook
868k1au1a,90119217788,Celco/Celcook
868k1atx6,90119217788,Celco/Celcook
868k1atwb,90119217788,Celco/Celcook
868k1atnn,90119217788,Celco/Celcook
868mc12dc,90119217823,Majestic Sign Studio
868mc1258,90119217823,Majestic Sign Studio
868mc0zb4,90119217823,Majestic Sign Studio
868mc0zax,90119217823,Majestic Sign Studio
868mc0zay,90119217823,Majestic Sign Studio
868m8mjuc,90119220732,Momentm - Tripspark
868m87m48,90119220732,Momentm - Tripspark
868m7ar3b,90119220732,Momentm - Tripspark
868m7aq2f,90119220732,Momentm - Tripspark
868m6v7pk,90119280995,Daylite
868m6k15u,90119280796,Tadera
868m6hhq4,90119280995,Daylite
868m6hhme,90119280995,Daylite
868m6hhmd,90119280995,Daylite
868m6hh54,90119280995,Daylite
868m6hh4w,90119280995,Daylite
868m5u24c,90119280796,Tadera
868m478p7,90119217773,VizComm Signage Group
868kwqmww,90119217788,Celco/Celcook
868kwqmu1,90119217788,Celco/Celcook
868kwqmqb,90119217788,Celco/Celcook
868kky26a,90119280796,Tadera
868kkxy0b,90119217773,VizComm Signage Group
868ker5up,90119217823,Majestic Sign Studio
868ke6teh,90119217823,Majestic Sign Studio
868ka3eu3,90119220732,Momentm - Tripspark
868jqnq2a,90119220732,Momentm - Tripspark
868jgez7h,90119217823,Majestic Sign Studio
868j9b0u5,90119217788,Celco/Celcook
868j9b0qx,90119217788,Celco/Celcook
868j9b0q3,90119217788,Celco/Celcook
868hxeufw,90119217773,VizComm Signage Group
868hxepya,90119217773,VizComm Signage Group
868hueb6e,90119217823,Majestic Sign Studio
868ce2re1,90115564880,hidden
868ce2rdv,90115564880,hidden
868ce2rda,90115564880,hidden
868mc1263,90118277500,SKY Custom Signs
868mc0zqu,90119266932,SSK Signs
868mc0zqq,90119266932,SSK Signs
868mc0zqm,90119266932,SSK Signs
868mc0yrq,90119219808,Georgetown Signs
868mc0yrk,90119219808,Georgetown Signs
868mc0yrh,90119219808,Georgetown Signs
868kx8q0h,90118265648,Genesis Signs & Graphics
868kw3zq4,90118265614,Caliber Signs & Imaging
868kv0a23,90118265614,Caliber Signs & Imaging
868kuwc3v,90119266932,SSK Signs
868kuwc0h,90119266932,SSK Signs
868kuwbcc,90119267105,Priority Signs & Graphics
868kuwb8r,90119267105,Priority Signs & Graphics
868kuw77p,90118265648,Genesis Signs & Graphics
868kuw736,90118265648,Genesis Signs & Graphics
868kumqeq,90119267557,Saltwater Signworks
868kump98,90119267557,Saltwater Signworks
868kumnyq,90118277500,SKY Custom Signs
868kumn9h,90119268068,Quad City
868kumm7d,90119219808,Georgetown Signs
868kumm6z,90119219808,Georgetown Signs
868kumkz6,90119268068,Quad City
868kumkjj,90119267798,Pure Image Signs and Graphics
868kumka3,90119267798,Pure Image Signs and Graphics
868kumk53,90119267896,Northeast Sign Company
868ktmch5,90118277500,SKY Custom Signs
868ke65z0,90119266932,SSK Signs
868ke65y0,90119219808,Georgetown Signs
868ke65xx,90118265648,Genesis Signs & Graphics
868ke65xn,90118265614,Caliber Signs & Imaging
868kdf8ag,90119266932,SSK Signs
868kdf87v,90118277500,SKY Custom Signs
868kdf87c,90119267557,Saltwater Signworks
868kdf86z,90119268068,Quad City
868kdf86j,90119267105,Priority Signs & Graphics
868kdf861,90119267896,Northeast Sign Company
868kdf83j,90119219808,Georgetown Signs
868kdf83g,90118265648,Genesis Signs & Graphics
868kcnq6e,90118208132,hidden
868ka0kkw,90119267557,Saltwater Signworks
868k688fj,90119267105,Priority Signs & Graphics
868k683c8,90119267105,Priority Signs & Graphics
868k67gz5,90119267105,Priority Signs & Graphics
868k02z0w,90118208132,hidden
868jjbwa4,90118208132,hidden
868jjbw94,90118208132,hidden
868fcyvgh,90020241714,hidden
8685q6043,90031162464,hidden
8685m9fnw,90031162464,hidden
868m6hhpz,90119280995,Daylite
868m6hhpx,90119280995,Daylite
868m6hh4u,90119280995,Daylite
868m46u78,90116199068,hidden
868m46rrp,90116199068,hidden
868m46015,90116199068,hidden
868m45z2y,90116199068,hidden
868m38jc0,90116199068,hidden
868ky1cmf,90116199068,hidden
868kwft6r,90119280765,Toronto Custom Signs
868kwfr13,90119280765,Toronto Custom Signs
868kh1xhh,90119280765,Toronto Custom Signs
868kh1xhg,90119280765,Toronto Custom Signs
868kem711,90116199068,hidden
868kdf8ax,90119280765,Toronto Custom Signs
868kbuvdz,90116199068,hidden
868kbuugc,90116199068,hidden
868kbutb9,90116199068,hidden
868k5km52,90119280765,Toronto Custom Signs
868k5km4r,90119280765,Toronto Custom Signs
868k4h4gj,90119220733,SpeedPro - Knoxville
868k31nyr,90116199068,hidden
868k0q8er,90116199068,hidden
868k0q7jz,90116199068,hidden
868k057k9,90116199068,hidden
868k051wp,90116199068,hidden
868jxyrf4,90116199068,hidden
868jxfrb4,90116199068,hidden
868jxfqxw,90116199068,hidden
868juwngy,90116199068,hidden
868junr4h,90116199068,hidden
868jr261b,90116199068,hidden
868jmkcgx,90116199068,hidden
868jjbazr,90119280765,Toronto Custom Signs
868jjbayy,90119280765,Toronto Custom Signs
868jgpc6c,90116199068,hidden
868japzu3,90116199068,hidden
868j8k4yr,90116468367,hidden
868j6grtw,90116199068,hidden
868j5yzmy,90116199068,hidden
868j22x2k,90116199068,hidden
868j22whx,90116199068,hidden
868j01y8c,90116199068,hidden
868hyjhnf,90116199068,hidden
868hwhp37,90116468367,hidden
868hvy2ak,90116468367,hidden
868hvrv1w,90116468367,hidden
868hvhqen,90116199068,hidden
868httkd8,90116199068,hidden
868hq4drk,90116199068,hidden
868hq38k3,90116199068,hidden
868hn6ent,90113842485,hidden
868hm69a2,90116199068,hidden
868hjvu53,90116199068,hidden
868hdvkjv,90116468367,hidden
868hccz3e,90116199068,hidden
868hccxjc,90116199068,hidden
868hbrkzm,90116199068,hidden
868h954cz,90114530318,hidden
868h8rejn,90116199068,hidden
868h8f43k,90116468367,hidden
868h45zt1,90116199068,hidden
868h2w9hr,90116199068,hidden
868gvw1n3,90116468367,hidden
868gt5bvb,90116468367,hidden
868grbdt5,90116199068,hidden
868gnn4vw,90116468367,hidden
868gk17q6,90116199068,hidden
868gg921f,90116199068,hidden
868gcx1wg,90116468367,hidden
868g74uay,90116199068,hidden
868fx6yxe,90116468367,hidden
868fx6y3p,90116468367,hidden
868fmfzrk,90116199068,hidden
868m9e7vq,90119217967,Forerunner Signs & Graphics
868m7zmz8,90119217977,SpeedPro - North Indianapolis
868m7y6rz,90119217969,SpeedPro - Orlando
868m7xmt0,90119217963,SpeedPro - Addison
868m5c8my,90119217971,SpeedPro - Blountville
868m2wg61,90119217968,SpeedPro - Raleigh Clayton
868m2vft7,90119217974,SpeedPro - Chicago Loop
868m2uxwd,90119217977,SpeedPro - North Indianapolis
868m1n6xh,90119217968,SpeedPro - Raleigh Clayton
868kzb8en,90118595207,SpeedPro - Boca Raton
868kzadxb,90119217973,SpeedPro - Greater San Diego
868kyp6y5,90119217969,SpeedPro - Orlando
868kyp6fz,90119217956,SignScapes
868kxe7ac,90119217977,SpeedPro - North Indianapolis
868kxe79t,90119217977,SpeedPro - North Indianapolis
868kqwbbb,90119217971,SpeedPro - Blountville
868knjn6t,90119217969,SpeedPro - Orlando
868knhxtc,90119217973,SpeedPro - Greater San Diego
868jgxk0g,90117812319,hidden
868h97btk,90117488119,hidden
868h92bwr,90117488119,hidden
868gyn7x0,90116368871,hidden
868gyn7hw,90116368871,hidden
868gyn6w0,90116368871,hidden
868gyn6jh,90116368871,hidden
868dvddnh,90116049321,hidden
868dkv9rq,90116049321,hidden
868dkv9qj,90116049321,hidden
868dkv9mm,90116049321,hidden
868dju6m0,90116049321,hidden
868m2r3t9,90119217977,SpeedPro - North Indianapolis
868m28hfz,90119217969,SpeedPro - Orlando
868kubyey,90119217823,Majestic Sign Studio
868kczfmd,90119280953,The Auto Boutique
868jbxjx6,90116368871,hidden
868hx8a2x,90116368871,hidden
868hx7rbu,90116368871,hidden
868hx7r4y,90116368871,hidden
868hwj97b,90116368871,hidden
868hwj8wg,90116368871,hidden
868hmkm82,90116468367,hidden
868hhp61k,90116368871,hidden
868hepau6,90116368871,hidden
868h9kykh,90116368871,hidden
868h9114e,90116368871,hidden
868h6k2rd,90116368871,hidden
868mc20m2,90119219810,QC Signs
868mc20kz,90119219810,QC Signs
868mc20kx,90119219810,QC Signs
868mc20kv,90119219810,QC Signs
868mc20ku,90119219810,QC Signs
868mc20kr,90119219810,QC Signs
868mc20kq,90119219810,QC Signs
868mc20km,90119219810,QC Signs
868mc20kk,90119219810,QC Signs
868mc20kg,90119219810,QC Signs
868mc20ke,90119219810,QC Signs
868mc20kc,90119219810,QC Signs
868mc20ka,90119219810,QC Signs
868mc20k9,90119219810,QC Signs
868mc20k7,90119219810,QC Signs
868mc20k6,90119219810,QC Signs
868mc20k5,90119219810,QC Signs
868mc20k3,90119219810,QC Signs
868mc20k2,90119219810,QC Signs
868mc20k0,90119219810,QC Signs
868mc20jz,90119219810,QC Signs
868mc20jw,90119219810,QC Signs
868mc20jv,90119219810,QC Signs
868mc20jq,90119219810,QC Signs
868mb9cdb,90119271642,Redheaded Sign Company
868m5yr0k,90118265614,Caliber Signs & Imaging
868m5gv9k,90118265614,Caliber Signs & Imaging
868m28epg,90119217968,SpeedPro - Raleigh Clayton
868m288ew,90119217958,Super Custom Sign
868m0qaex,90119266984,Blue Ocean Custom Signs
868m0q1ng,90119275398,Equinox Custom Signs
868m0p8h1,90119275398,Equinox Custom Signs
868h2wea4,90116368871,hidden
868gxx79e,90116368871,hidden
868gff7ep,90116368871,hidden
868gff7c5,90116368871,hidden
868gegzbd,90116368871,hidden
868gegz9k,90116368871,hidden
868geg8pb,90116368871,hidden
868ge7gen,90116368871,hidden
868ge36pf,90116368871,hidden
868gdwv9y,90116368871,hidden
868gdr4vp,90116368871,hidden
868gdr4j5,90116368871,hidden
868gddjdt,90116368871,hidden
868gc8c78,90116368871,hidden
868gbv22c,90116368871,hidden
868g6db95,90116368871,hidden
868g6d9yq,90116368871,hidden
868fxe9tc,90116368871,hidden
868exj7hc,90116368871,hidden
868dkvbar,90116049321,hidden
868dkvau8,90116049321,hidden
868mc13jv,90118265648,Genesis Signs & Graphics
868mc12u1,90119217956,SignScapes
868mc12tv,90119217823,Majestic Sign Studio
868mc12jc,90118595466,Excel SignWorks
868mc0zku,90119217843,Louisville Custom Signs
868mc0zev,90119266932,SSK Signs
868mc0zbm,90118277500,SKY Custom Signs
868mc0zc6,90119268319,Vibrant Sign Studio
868mc0zc3,90119268319,Vibrant Sign Studio
868mc0zbz,90119217956,SignScapes
868mc0z1u,90119217970,Red Robin Masonry
868mc0z1y,90119217965,Indy Sign Factory
868mc0z1x,90119267798,Pure Image Signs and Graphics
868mc0z1r,90119271642,Redheaded Sign Company
868mc0z1v,90119267105,Priority Signs & Graphics
868mc0z1t,90119217823,Majestic Sign Studio
868mc0z1n,90119217843,Louisville Custom Signs
868mc0z1h,90119267896,Northeast Sign Company
868mc0z1k,90119267557,Saltwater Signworks
868mc0yy8,90119219808,Georgetown Signs
868mc0yy0,90119275398,Equinox Custom Signs
868mc0yxy,90119219802,Amazing Signs
868mc0yxx,90119267354,Envision Orlando
868mc0yy5,90119217688,Blue Orbit Sign Studio
868mc0yxt,90118595466,Excel SignWorks
868mc0vp9,90119275398,Equinox Custom Signs
868mb9cdd,90119271642,Redheaded Sign Company
868m6fq4p,90114530318,hidden
868kubxp1,90119217823,Majestic Sign Studio
868kf5qgj,90114530318,hidden
868kdf8cn,90119217773,VizComm Signage Group
868kdf8bt,90119268319,Vibrant Sign Studio
868kdf87q,90119217956,SignScapes
868kdf86q,90119219810,QC Signs
868kdf85x,90119217823,Majestic Sign Studio
868kdf847,90118594182,ImageTEK Signs and Graphics LLC
868kdf83w,90119272454,GSO Signs (Greensboro)
868kdf80f,90118265614,Caliber Signs & Imaging
868e2x35j,90116245085,hidden
868e2x345,90116245085,hidden
868b07tzk,90114530318,hidden
868az715m,90114530318,hidden
868mc12m0,90119217843,Louisville Custom Signs
868mc128j,90118595466,Excel SignWorks
868mc0ztx,90119268251,All American Signs and Graphics
868mc0ztv,90119268251,All American Signs and Graphics
868mc0ztw,90119268251,All American Signs and Graphics
868mc0ztq,90119268251,All American Signs and Graphics
868mc0ztn,90119268251,All American Signs and Graphics
868mc0ztk,90119268251,All American Signs and Graphics
868mc0ztf,90119268251,All American Signs and Graphics
868mc0zte,90119268251,All American Signs and Graphics
868mc0zmd,90119268251,All American Signs and Graphics
868mc0zmc,90119268251,All American Signs and Graphics
868mc0zmb,90119268251,All American Signs and Graphics
868mc0zma,90119268251,All American Signs and Graphics
868mc0x8b,90119267354,Envision Orlando
868mc0x86,90119267354,Envision Orlando
868mc0x85,90119267354,Envision Orlando
868mc0vk4,90119219802,Amazing Signs
868mc0vjx,90119219802,Amazing Signs
868mc0vjr,90119219802,Amazing Signs
868mbbdmx,90119217843,Louisville Custom Signs
868mbbdmh,90119217843,Louisville Custom Signs
868mb9cd1,90119271642,Redheaded Sign Company
868mb9ccr,90119271642,Redheaded Sign Company
868ma13hj,90119217843,Louisville Custom Signs
868m5dwzy,90116199068,hidden
868m4y0u0,90119271642,Redheaded Sign Company
868m465tf,90119217843,Louisville Custom Signs
868m465f2,90119217843,Louisville Custom Signs
868kzd4rn,90119217843,Louisville Custom Signs
868kxu62t,90119217843,Louisville Custom Signs
868kv06za,90119271642,Redheaded Sign Company
868kv06k6,90119271642,Redheaded Sign Company
868kugned,90119267354,Envision Orlando
868kugn83,90119267354,Envision Orlando
868kugk11,90119267008,Gold Media
868kugjtq,90119267008,Gold Media
868kugjgz,90119267008,Gold Media
868kughrd,90119267138,"Pacesetter Signs & Graphics, Inc"
868kughmk,90119267138,"Pacesetter Signs & Graphics, Inc"
868kughg2,90119267138,"Pacesetter Signs & Graphics, Inc"
868kugh2v,90119271365,Sign Resources NC Inc.
868kuggyp,90119271365,Sign Resources NC Inc.
868kufbvq,90119271365,Sign Resources NC Inc.
868kuf2gj,90119268134,Elite Custom Signs
868kuf28g,90119268134,Elite Custom Signs
868kuf0py,90119268134,Elite Custom Signs
868kt1zxa,90119219802,Amazing Signs
868kt1za7,90119219802,Amazing Signs
868kt1y84,90119219802,Amazing Signs
868kt12z2,90119266984,Blue Ocean Custom Signs
868kt0yz7,90119266984,Blue Ocean Custom Signs
868kt0au8,90119271360,Total SignWorks Ltd
868kt0aq6,90119271360,Total SignWorks Ltd
868krd1c1,90119217843,Louisville Custom Signs
868krbhz2,90119217843,Louisville Custom Signs
868kr0h7a,90118595466,Excel SignWorks
868kr0gnz,90118595466,Excel SignWorks
868kr0eq4,90118595466,Excel SignWorks
868kr0cy5,90119268251,All American Signs and Graphics
868kr0cvc,90119268251,All American Signs and Graphics
868kpahk5,90119217843,Louisville Custom Signs
868kkze66,90119217843,Louisville Custom Signs
868kj0c5c,90119219802,Amazing Signs
868kh4p0c,90119219802,Amazing Signs
868kf3nqr,90119271642,Redheaded Sign Company
868kf3nq7,90119271642,Redheaded Sign Company
868ke2zp3,90119266955,Windy City Signs and Graphics
868ke2zmq,90119266955,Windy City Signs and Graphics
868ke2wud,90119267008,Gold Media
868ke2vx6,90119267008,Gold Media
868kdf8d3,90119266955,Windy City Signs and Graphics
868kdf8b2,90119271360,Total SignWorks Ltd
868kdf87h,90119271365,Sign Resources NC Inc.
868kdf877,90119271642,Redheaded Sign Company
868kdf86a,90119267138,"Pacesetter Signs & Graphics, Inc"
868kdf85q,90119217843,Louisville Custom Signs
868kdf82h,90118595466,Excel SignWorks
868kdf82d,90119267354,Envision Orlando
868kdf829,90119268134,Elite Custom Signs
868kdf7z1,90119219802,Amazing Signs
868kdf7yt,90119268251,All American Signs and Graphics
868kcqqhc,90119271365,Sign Resources NC Inc.
868kcqqh9,90119271365,Sign Resources NC Inc.
868kcqq0b,90118595466,Excel SignWorks
868kcqpuh,90118595466,Excel SignWorks
868kcqprz,90118595466,Excel SignWorks
868kcqppm,90119267354,Envision Orlando
868kcqpnx,90119267354,Envision Orlando
868kcqp84,90119267354,Envision Orlando
868kcqny4,90119268134,Elite Custom Signs
868kcqnx0,90119268134,Elite Custom Signs
868kcqmwb,90119266984,Blue Ocean Custom Signs
868kcqmv3,90119266984,Blue Ocean Custom Signs
868ka08u6,90119219802,Amazing Signs
868k96nbc,90119267008,Gold Media
868k8vmhw,90119217843,Louisville Custom Signs
868k8bm2x,90116199068,hidden
868k7q67d,90119271365,Sign Resources NC Inc.
868k63hua,90119268134,Elite Custom Signs
868mc0zqr,90119266932,SSK Signs
868mc0zqt,90119266932,SSK Signs
868mc0zqn,90119266932,SSK Signs
868mc0zkd,90119217956,SignScapes
868mc0zkc,90119217956,SignScapes
868mc0zjy,90119217956,SignScapes
868mc0zez,90119217749,Signs Unlimited
868mc0zey,90119217749,Signs Unlimited
868mc0ze2,90119217749,Signs Unlimited
868mc0zcr,90119217823,Majestic Sign Studio
868mc0zcq,90119217823,Majestic Sign Studio
868mc0zb2,90119217823,Majestic Sign Studio
868mc0z34,90119217818,Langstaff & Sloan Inc.
868mc0z33,90119217818,Langstaff & Sloan Inc.
868mc0z15,90119217818,Langstaff & Sloan Inc.
868mc0yrr,90119219808,Georgetown Signs
868mc0yrp,90119219808,Georgetown Signs
868mc0yrn,90119219808,Georgetown Signs
868mc0xku,90119267354,Envision Orlando
868mc0xkp,90119267354,Envision Orlando
868mc0x8c,90119267354,Envision Orlando
868mc0vk1,90119219802,Amazing Signs
868mc0vk3,90119219802,Amazing Signs
868mc0vjz,90119219802,Amazing Signs
868m62be5,90119217823,Majestic Sign Studio
868m2tt8r,90119217823,Majestic Sign Studio
868m1bvz1,90119217823,Majestic Sign Studio
868kra174,90119217823,Majestic Sign Studio
868ke65z3,90119217958,Super Custom Sign
868ke65yr,90119219810,QC Signs
868ke65y9,90119217818,Langstaff & Sloan Inc.
868ke65y4,90118594182,ImageTEK Signs and Graphics LLC
868k9cczv,90113842485,hidden
868k8xh1k,90113842485,hidden
868k54fuf,90113842485,hidden
868k33fhd,90119217823,Majestic Sign Studio
868k33fgx,90119217823,Majestic Sign Studio
868k1q3mt,90119217956,SignScapes
868k1q3ka,90119217688,Blue Orbit Sign Studio
868ju5hv1,90113842485,hidden
868jf9pgu,90119266969,First Impression Signs
868j667br,90119217823,Majestic Sign Studio
868hfpv0t,90113842485,hidden
868heh8u7,90113842485,hidden
868gn4837,90113842485,hidden
868genamb,90113842485,hidden
868g3186e,90113842485,hidden
868eycppw,90114530318,hidden
868ex132f,90116468367,hidden
868evdpjb,90113842485,hidden
868evb735,90113842485,hidden
868erpudx,90113842485,hidden
868eq7jqy,90113842485,hidden
868e2x3nb,90116245085,hidden
868e2x3ju,90116245085,hidden
868e28nd9,90113842485,hidden
868d88v1c,90114530318,hidden
868d5wq2a,90114530318,hidden
868ccrm7b,90113842485,hidden
868c6t46j,90113842485,hidden
868c5zn33,90113842485,hidden
868c0u3qd,90113842485,hidden
868c0tpfw,90113842485,hidden
868bv5y7p,90113842485,hidden
868bnkbq1,90113842485,hidden
868b9utt7,90113842485,hidden
868b5xynk,90113842485,hidden
868b4na24,90113842485,hidden
868b2nnd4,90113842485,hidden
868b2nncp,90113842485,hidden
868b2nncj,90113842485,hidden
8685bzjr3,90020241714,hidden
868k7tnyn,90116199068,hidden
868jtx121,90114783795,hidden
868j7c69w,90114783795,hidden
868j3da7d,90114783795,hidden
868hv4qmf,90114783795,hidden
868hq6r0r,90114783795,hidden
868hhrjm3,90117633602,hidden
868hhrjkx,90117633602,hidden
868hhrjkj,90117633602,hidden
868hg60vd,90114783795,hidden
868hfjb2b,90114783795,hidden
868hbq5tw,90114783795,hidden
868hbq2uw,90114783795,hidden
868h663mv,90116199068,hidden
868h662mg,90116199068,hidden
868gxtqw4,90116199068,hidden
868gxtqj2,90116199068,hidden
868gxtq0h,90116199068,hidden
868grrr41,90116199068,hidden
868gn80zx,90111387701,Shared with me
868gft7ww,90116199068,hidden
868gfhj7e,90116199068,hidden
868g9gr0x,90116468367,hidden
868g1xwjn,90114783795,hidden
868fx7bka,90114530318,hidden
868fvv0bb,90116468367,hidden
868fq7cgy,90116199068,hidden
868fp21tc,90116199068,hidden
868f68xjn,90116199068,hidden
868f2vnuf,90116199068,hidden
868f2tc62,90116199068,hidden
868ez416g,90116199068,hidden
868euty95,90116199068,hidden
868et5d1p,90114783795,hidden
868efhff8,90116468367,hidden
868edjz1g,90114783795,hidden
868eamnt6,90116199068,hidden
868eamern,90116199068,hidden
868e4ca42,90116199068,hidden
868e3c876,90116199068,hidden
868e2x3xk,90116245085,hidden
868e2x3xf,90116245085,hidden
868e2x3g8,90116245085,hidden
868e2x34z,90116245085,hidden
868e2x32e,90116245085,hidden
868e2x320,90116245085,hidden
868e2x31m,90116245085,hidden
868dyruhk,90116468367,hidden
868dyrpgk,90116199068,hidden
868dyrpey,90116199068,hidden
868dyrpdn,90116199068,hidden
868dyrpd1,90116199068,hidden
868dyrpcb,90116199068,hidden
868dyrpbu,90116199068,hidden
868dyrpbm,90116199068,hidden
868dyrpb8,90116199068,hidden
868dcxzqk,90114783795,hidden
868d2qky2,90114783795,hidden
868ce2rdz,90115564880,hidden
868ce2rdr,90115564880,hidden
868ce2rde,90115564880,hidden
868c42vt7,90114783795,hidden
868bzxwj7,90114783795,hidden
868bwcqpz,90114783795,hidden
868bwccgp,90114530318,hidden
868bpew6j,90114783795,hidden
868bpar5t,90114783795,hidden
868bpaqh9,90114783795,hidden
868bpapnv,90114783795,hidden
868bjd236,90114783795,hidden
868b8wdzx,90114530318,hidden
868b742cp,90114530318,hidden
868b4ncwd,90113842485,hidden
868b0951n,90114530318,hidden
868b070gd,90114530318,hidden
868az4c3p,90114530318,hidden
868az0ykn,90114530318,hidden
